CNES,UF,IBGE,NOME,LOGRADOURO,BAIRRO,LATITUDE,LONGITUDE
40002,AL,270750,UBS SALOMEZINHO,POVOADO SALOMEZINHO,ZONA RURAL,-10.1868,-36.83971
77461,AL,270895,UBS VI POVOADO CANDUNDA,POVOADO CANDUNDA,ZONA RURAL,-9.41054,-37.53051
77488,AL,270895,UBS PEDRO VIEIRA REGO II,RUA MANOEL DA ROCHA WANDERLEY,CENTRO,,
82635,AL,270540,UNIDADE BASICA DE SAUDE DA FAMILIA 4,RUA JUCELINO DE KUBCHECKE,CENTRO,-9.60875,-37.24739
111791,AL,270915,USF 19 SANDRA MARIA DA SILVA,RUA MARIA TEREZA DA SILVA,JAIRO LEANDRO,-9.91719,-36.35146
128635,AL,270644,PSF MARIA EDIGINAN MENDES NETO,R PROJETADA VINTE SEIS,CENTRO,-9.45703,-35.54235
204188,AL,270850,L S LABOATORIO POPULAR,RUA CAPITAO SAMUEL LINS,CENTRO,-9.3188,-35.56101
247278,AL,270930,ASSOCIACAO PESTALOZZI DE UNIAO DOS PALMARES,RUA HERMANO PELECH,CENTRO,-9.15748,-36.02966
311405,AL,270630,MELHOR EM CASA PALMEIRA DOS INDIOS,AVENIDA MUNIZ FALCAO,SAO FRANCISCO,-9.407,-36.628
315982,AL,270720,UBS BARRO VERMELHO,POVOADO BARRO VERMELHO,ZONA RURAL,-9.16319,-37.16162
2004437,AL,270900,UNIDADE BASICA DE SAUDE MARIZA TAVARES,RUA MARECHAL CASTELO BRANCO,CENTRO,-9.53487,-36.43561
550086,AL,270930,CARCARA DOS PALMARES,AVENIDA DR ANTONIO GOMES DE BARROS,CENTRO,-9.163,-36.032
2003309,AL,270800,UNIDADE DE SAUDE DA FAMILIA BARAUNA,RUA GILMAR PEREIRA DE QUEIROZ,CAMOXINGA,-9.36782,-37.24551
2003384,AL,270840,PSF SITIO FAZENDA NOVA,SITIO FAZENDA NOVA,ZONA RURAL,-9.59037,-37.47469
2003392,AL,270840,PSF POVOADO PILOES,POVOADO PILOES,ZONA RURAL,-9.60021,-37.35921
2003406,AL,270840,PSF MANOEL MACIANO,RUA MANOEL MACIANO,CENTRO,-9.55418,-37.37381
2003422,AL,270255,CENTRO DE SAUDE DR GASTAO LEAO REGO,RUA ENEAS SIMPLICIO,CENTRO,-9.39,-36.76
2003449,AL,270255,UNIDADE DE SAUDE DA FAMILIA IMPOEIRAS,POVOADO IMPOEIRAS,ZONA RURAL,-9.39,-36.76
2003465,AL,270255,UNIDADE DE SAUDE DA FAMILIA LAGOA DO EXU,POVOADO LAGOA DO EXU,NAO CONSTA,-9.39,-36.76
2003481,AL,270940,UNIDADE BASICA DE SAUDE JOSE LOUREIRO DE ALBUQUERQUE,POVOADO CAMINHO DA ROCA,ZONA RURAL,-9.37088,-36.25794
2003503,AL,270940,POSTO DE SAUDE CASCUDA,POVOADO DE CASCUDO,ZONA RURAL,,
2003511,AL,270940,POSTO DE SAUDE TANGIL,POVOADO DE TANGIL,ZONA RURAL,-9.41439,-36.31715
2003538,AL,270940,POSTO DE SAUDE FREI DAMIAO,CONJ FREI DAMIAO,CENTRO,,
2003554,AL,270940,UNIDADE BASICA DE SAUDE ANEL,POVOADO DE ANEL,ZONA RURAL,-9.37084,-36.24016
2003562,AL,270940,UNIDADE BASICA DE SAUDE DR JAYME CARNEIRO LOPES,RUA MOTA LIMA,CENTRO,-9.3712,-36.24098
2003589,AL,270670,POSTO DE SAUDE ADELMO FERREIRA DA SILVA,POVOADO PONTA MOFINA,PONTA MOFINA,-10.29,-36.586
2003600,AL,270670,UNIDADE DA SAUDE DA FAMILIA DR ALCIDES DOS SANTOS ANDRADE,ROD AL 110 KM 2,SANTA IZABEL,-10.29,-36.586
2003619,AL,270670,USF VILA MATIAS,RUA FLORIANO ROSA,VILA MATIAS,-10.28403,-36.55536
2003627,AL,270670,USF DR LUIZ MACHADO LOBO,RUA ITAPORANGA,D CONSTANTINO,-10.29,-36.586
2003635,AL,270670,USF CAPELA,POVOADO CAPELA,POVOADO CAPELA,-10.29,-36.586
2003643,AL,270670,USF TABOLEIRO DOS NEGROS,POVOADO TABOLEIRO DOS NEGROS,TABOLEIRO DOS NEGROS,-10.29,-36.586
2003651,AL,270670,UNIDADE DE SAUDE DA FAMILIA DR JAIRO LEITE DA SILVA,AVENIDA FRANCISCO GUERRA,CENTRO,-10.29,-36.586
2003678,AL,270670,USF COOPERATIVA I,POVOADO COOPERATIVA I,COOPERATIVA I,-10.29,-36.586
2003686,AL,270670,USF RAIMUNDINHO,AVENIDA FRANCISCO GUERRA,CENTRO,-10.29,-36.586
2003708,AL,270670,USF VEREADOR ARGEMIRO SATIRO DA ROCHA,RUA SANTO ANTONIO,SANTO ANTONIO,-10.28967,-36.57984
2003724,AL,270670,USF BAIRRO VITORIA,LOTEAMENTO VITORIA,SENHOR DO BONFIM,-10.29,-36.586
2003759,AL,270670,USF DE SANTA MARGARIDA,POVOADO SANTA MARGARIDA,POV SANTA MARAGARIDA,-10.29,-36.586
2003767,AL,270670,USF DE PALMEIRA ALTA,POVOADO PALMEIRA ALTA,PALMEIRA ALTA,-10.29,-36.586
2003805,AL,270670,USF CENTRO,PRACA CLEMENTINO DO MONTE,SANTA LUZIA,-10.29,-36.586
2003821,AL,270670,USF ROSETE ANDRADE,CONJUNTO ROSETE ANDRADE Q4,D CONSTANTINO,-10.29,-36.586
2003848,AL,270670,USF GABRIEL 04,RUA JOAO RAMALHO,SANTA LUZIA,-10.28739,-36.58052
2003929,AL,270235,POSTO DE SAUDE SANTO ANTONIO PSF CRAIBAS,POVOADO SANTO ANTONIO,ZONA RURAL,-9.61732,-36.76695
2003937,AL,270235,CENTRO DE SAUDE DE CRAIBAS,RUA SAO PEDRO,CENTRO,-9.61697,-36.7689
2003945,AL,270180,CENTRO DE SAUDE MANOEL JOSE DE LIMA,RUA ORMINO JOAQUIM SANTANA,CENTRO,-9.48436,-37.37329
2003996,AL,270120,UNIDADE DE SAUDE DA FAMILIA LUIZ IZIDORO LOPES,POVOADO MINADOR DO LUCIO,ZONA RURAL,-9.39752,-36.92581
2004046,AL,270800,UNIDADE DE SAUDE DA FAMILIA DR ADELSON ISAAC DE MIRANDA,TRAVESSA SAO PEDRO,SAO PEDRO,-9.38361,-37.24363
2004054,AL,270800,CENTRO DE SAUDE DR MARIA ZILDA REGO,RUA SANTO INACIO,CAMUXINGA,-9.36459,-37.25238
2004062,AL,270800,UNIDADE DE SAUDE DA FAMILIA DA FLORESTA,RUA JOSE TEODOSIO D SILVA,DOMINGOS ACACIO,-9.37585,-37.25023
2004070,AL,270800,UNIDADE DE SAUDE DA FAMILIA CAMUXINGA DOS TEODOSIOS,SITIO CAMUXINGA DOS TEODOSIOS,ZONA RURAL,-9.36796,-37.24838
2004100,AL,270800,UNIDADE DE SAUDE DA FAMILIA SAO FELIX,POVOADO SAO FELIX,ZONA RURAL,-9.38308,-37.24058
2004119,AL,270800,UNIDADE DE SAUDE DA FAMILIA DE AREIAS,POVOADO AREIA BRANCA,ZONA RURAL,-9.37208,-37.24534
2004127,AL,270800,UNIDADE DE SAUDE DA FAMILIA JANUARIO PARAIBANO DA COSTA,POCO DA PEDRA,ZONA RURAL,-9.38376,-37.24312
2004135,AL,270800,UNIDADE DE SAUDE DA FAMILIA BARRIGUDA,SITIO BARRIGUDA,ZONA RURAL,-9.36924,-37.25984
2004283,AL,270255,UNIDADE DE SAUDE DA FAMILIA CECI CUNHA,POVOADO LAGOA DA AREIA DOS MARIANOS,ZONA RURAL,-9.39,-36.76
2004305,AL,270940,UNIDADE BASICA DE SAUDE CIDADE DE DEUS,MUTIRAO AREA I C,ZONA URBANA,-9.37856,-36.24021
2004313,AL,270190,POSTO DE SAUDE RECANTO,SITIO RECANTO,ZONA RURAL,-9.25478,-36.29595
2004321,AL,270190,USF AUDERILDA TENORIO FLORENTINO,AV PAULO TENORIO FLORENTINO,CENTRO,-9.25493,-36.29604
2004356,AL,270250,POSTO DE SAUDE FAZENDA DE BAIXO,FAZENDA DE BAIXO,NAO CONSTA,,
2004364,AL,270250,UNIDADE DE SAUDE DA FAMILIA PAI MANE,POVOADO PAI MANE,NAO CONSTA,-9.85405,-37.01569
2004402,AL,270200,UNIDADE BASICA DE SAUDE MANOEL GOMES,SITIO VASSOURAS,ZONA RURAL,-9.67066,-36.59168
2004429,AL,270200,UNIDADE DE SAUDE DA FAMILIA DE ALAGOINHA COITE DO NOIA,SITIO ALAGOINHA,ZONA RURAL,-9.61375,-36.59335
2004461,AL,270440,UNIDADE SAUDE DA FAMILIA MARIA VIEIRA ALMEIDA,RUA DO CAMPO,ZONA RURAL,-9.56372,-36.98966
2004534,AL,270050,CENTRO DE SAUDE SAO SEBASTIAO,AV BENEDITO CASADO,BARRA I CENTRO,-9.40523,-35.50614
2004542,AL,270160,POSTO DE SAUDE DE AREIAS,SITIO AREIAS,ZONA RURAL,-9.127,-37.605
2004585,AL,270930,UNIDADE DE SAUDE DA FAMILIA JOSE CORREIA DE LIMA,RUA JOAQUIM CARDOSO XAVIER,ZONA RURAL,-9.163,-36.032
2004593,AL,270930,UNIDADE DE SAUDE DA FAMILIA SAGRADA FAMILIA,RUA JOAO PAULO SEGUNDO,ZONA RURAL,-9.163,-36.032
2004615,AL,270930,CENTRO DE SAUDE IRMAOS FRANCISCO E NELSON OLIVEIRA,RUA MARIA CARMELITA,BAIRRO ROBERTO C DE,-9.163,-36.032
2004623,AL,270930,UNIDADE DE SAUDE DA FAMILIA TEREZA ROMANA,CONJ NEWTON PEREIRA,NEWTON PEREIRA,-9.163,-36.032
2004631,AL,270930,UNIDADE DE SAUDE DA FAMILIA DE VARZEA GRANDE,CONJ RESID CONCEICAO LYRA 2,ZONA RURAL VARZEA GR,-9.163,-36.032
2004666,AL,270235,POSTO DE SAUDE NOSSA SENHORA APARECIDA,POVOADO LAGOA DO ALGODAO,ZONA RURAL,-9.61772,-36.76695
2004682,AL,270235,POSTO DE SAUDE SAO CRISTOVAO,POVOADO SANTA ROSA,ZONA RURAL,-9.6178,-36.76676
2004720,AL,270490,POSTO DE SAUDE SITIO BOA VISTA,POVOADO,ZONA RURAL,-9.4479,-36.38801
2004755,AL,270240,CENTRO DE SAUDE SINIMBU,POVOADO SINIMBU,ZONA RURAL,-9.31273,-38.0889
2004763,AL,270240,UNIDADE BASICA DE SAUDE DOUTOR ULYSSES LUNA,RUA VEREADOR ANTONIO PEREIRA,BOM SOSSEGO,-9.37334,-37.99493
2004801,AL,270030,V CENTRO DE SAUDE DR UBIRATAN PEDROZA,RUA GERALDO BARBOSA,CENTRO,-9.752,-36.661
2005190,AL,270030,POSTO DE SAUDE PAU FERRO,POVOADO PAU FERRO,PAU FERRO,,
2005433,AL,270230,USF BARREIRAS JOSE SEVERIANO DOS SANTOS,RUA JOSE SEVERIANO DOS SANTOS,POVOADO BARREIRAS Z,-10.13084,-36.1797
2005441,AL,270230,USF PONTAL DR ELISIO ALVES PEROBA,RUA CRISTOVAO DE AZEVEDO PEROBA,POVOADO PONTAL DE CO,-10.13131,-36.17543
2005468,AL,270230,USF POXIM JOSE BRASIL RAMALHO,RUA SAO JOSE,POVOADO POXIM ZONA,-10.49079,-36.35925
2005476,AL,270230,USF VASSOURAS GERALDO GOUVEIA,TRAVESSA PERNAMBUCO NOVO,VASSOURAS ZONA URB,-10.13135,-36.17418
2005484,AL,270230,UNIDADE MISTA DE PINDORAMA,AVENIDA CAMACARI,PINDORAMA ZONA RURAL,-10.13129,-36.17618
2005506,AL,270230,USF MIAI,RUA PRINCIAL,POVOADO MIAI DE CIMA,-10.13173,-36.1765
2005522,AL,270230,USF BOTAFOGO,RUA DO POSTO,POVOADO BOTAFOGO Z,-10.21154,-36.21059
2005581,AL,270430,CENTRO DE SAUDE SAO VICENTE DE PAULA PINHEIRO 3 DS,TRAVESSA NATAL,PINHEIRO,-9.57852,-35.78408
2005700,AL,270430,MODULO BASICO DE OFTALMOLOGIA,AVENIDA MUNIZ FALCAO,BARRO DURO,,
2005719,AL,270430,FUNDACAO ASSISTENCIAL E CULTURAL ANTONIO GOUVEIA,BR 104,CIDADE UNIVERSITARIA,,
2005743,AL,270430,POSTO DE SAUDE DA COMURB,RUA DO IMPERADOR,CENTRO,-9.66698,-35.73471
2005905,AL,270430,UNIDADE DE SAUDE DA FAMILIA CAIC JORGE DE LIMA,BR 104,CIDADE UNIVERSITARIA,,
2005980,AL,270430,PALACIO DO TRABALHADOR,AV MOREIRA LIMA,CENTRO,-9.66392,-35.74221
2006014,AL,270930,UNIDADE DE SAUDE DA FAMILIA DE ABOLICAO,RUA MARECHAL CASTELO BRANCO,ABOLICAO,-9.15824,-36.02387
2006162,AL,270930,UNIDADE DE SAUDE DA FAMILIA DE SANTA FE,RUA DO PAVILAO,ZONA RURAL,-9.163,-36.032
2006537,AL,270230,USF CRUZEIRO JOSE HIGINO DE CARVALHO,RUA CHICO AZEVEDO,ALTO DO CRUZEIRO Z,-10.21458,-36.17867
2006545,AL,270230,USF BARRO PRETO,RUA LINDOLFO SIMOES,CENTRO ZONA URBANA,-10.13164,-36.17706
2006553,AL,270230,USF PINDORAMA CENTRO,AVENIDA CAMACARI,PINDORAMA ZONA RURA,-10.13171,-36.17648
2007150,AL,270320,ESF 03 CENTRO DE SAUDE DE IPIRANGA,POVOADO IPIRANGA,ZONA RURAL,-10.125,-36.662
2007169,AL,270320,ESF 09 CENTRO DE SAUDE DE ALAGOINHAS IGREJA NOVA,POVOADO ALAGOINHAS,ZONA RURAL,-10.125,-36.662
2007177,AL,270320,ESF 01 CENTRO DE SAUDE DALMO ROCHA RAPOSO,POVOADO QUARESMA,ZONA RURAL,-10.125,-36.662
2007193,AL,270270,CENTRO DE SAUDE ENG MARCIO SILVIO WANDERLEY DE PAIVA,RUA VEREADOR ADELSON POSSIDONIO,ZONA RURAL,-10.29555,-36.30559
2007207,AL,270130,POSTO MED MARIO FERRO DE MOURA PSF,PCA ARTUR MACEDO,CENTRO,-9.39072,-36.15279
2007215,AL,270130,POSTO MEDICO ASSOC DOS ROMEIROS PSF,RUA FLOR DO PARAIBA,CENTRO,-9.39662,-36.14531
2007258,AL,270130,UNIDADE BASICA JORGE RIBEIRO TOLEDO PSF,AV ANTONIO CARLOS DE MORAES,CENTRO,-9.40007,-36.14634
2007266,AL,270520,UNIDADE BASICA DE SAUDE LUIZA OLIVEIRA SURUAGY,RUA ELIPIDIO CAVALCANTE LINS,CENTRO,-9.38863,-35.84247
2007282,AL,270420,UNIDADE DE SAUDE DA FAMILIA BREJO,SITIO BREJO,ZONA RURAL,,
2007312,AL,270420,UNIDADE DE SAUDE DA FAMILIA CAMADANTA,POVOADO CAMADANTA,ZONA RURAL,-9.7983,-36.52187
2007320,AL,270420,UNIDADE DE SAUDE DA FAMILIA AREIA VERMELHA,POVOADO AREIA VERMELHA,ZONA RURAL,-9.677,-36.46663
2007347,AL,270420,UNIDADE DE SAUDE DA FAMILIA TIPI,SITIO TIPI,ZONA RURAL,-9.7282,-36.52604
2007355,AL,270420,UNIDADE DE SAUDE DE TIMBO,SITIO TIMBO,ZONA RURAL,-9.79033,-36.50173
2007398,AL,270420,UNIDADE DE SAUDE DA FAMILIA URBANA,SITIO TERRA NOVA,ZONA RURAL,,
2007428,AL,270915,POSTO DE SAUDE SUCUPIRA TORTA,POVOADO SUCUPIRA TORTA,CENTRO,,
2007436,AL,270480,USF IV MATA VERDE,POVOADO MATA VERDE,ZONA RURAL,-9.57657,-36.30657
2007444,AL,270480,USF II CAPRICHO,RUA LINO DE ALBUQUERQUE,CENTRO,-9.57614,-36.30506
2007452,AL,270480,USF I EURICO JUVI,AVSENARNON DE MELLO,CENTRO,-9.57635,-36.30596
2007509,AL,270720,POSTO DE SAUDE VEREADOR EVERALDO AQUINO SILVA,POVOADO VARZEA DE DONA JOANA,ZONA RURAL,-9.33696,-37.48254
2007517,AL,270720,UBS SAO CAETANO,POVOADO QUANDU,ZONA RURAL,-9.23836,-37.22882
2007525,AL,270310,UNIDADE DE SAUDE DA FAMILIA LAGOA DO FELIX,POVOADO LAGOA DO FELIX,ZONA RURAL,-9.537,-36.634
2007533,AL,270310,CENTRO DE SAUDE JOAO DE LIMA ACIOLI,RUA GRACILIANO RAMOS,CENTRO,-9.537,-36.634
2007541,AL,270310,UNIDADE DE SAUDE DA FAMILIA SANTO ANTONIO,POVOADO SANTO ANTONIO,ZONA RURAL,-9.537,-36.634
2007568,AL,270310,UNIDADE DE SAUDE DA FAMILIA COITE DAS PINHAS,POVOADO COITE DAS PINHAS,ZONA RURAL,-9.537,-36.634
2007576,AL,270310,UNIDADE DE SAUDE DA FAMILIA DIONIZIO,POVOADO DIONOZIO,ZONA RURAL,-9.537,-36.634
2007592,AL,270330,POSTO DE SAUDE DR PAULO FELIX DE SOUZA,POVOADO PROMISSAO,ZONA RURAL,-9.1804,-37.6866
2007606,AL,270330,CENTRO DE SAUDE DRDENISSON DE MENEZES,RUA MUNIZ FALCAO,CENTRO,-9.21979,-37.75121
2007614,AL,270390,UNIDADE BASICA DE SAUDE PSF 01,RUA DO COMERCIO,CENTRO,-8.94253,-35.55404
2007630,AL,270690,ESF 09 MANGABEIRA,CONJUNTO IMBURI,CENTRO,-9.55435,-35.96629
2007649,AL,270690,USF CHA DO PILAR,LOTEAMENTO EDITE FRANCA,CHA DO PILAR,-9.59455,-35.96319
2007657,AL,270690,USF LOTMANGUABA I,AV OTACILIO CAVALCANTE,CHA DO PILAR,-9.59255,-35.95368
2007665,AL,270690,USF ARISTIDES BELARMINO,R NOSSA SRA DO PILAR,CHA DO PILAR,-9.59927,-35.95652
2007673,AL,270690,USF CAIC I,RUA SR DO BOMFIM,CHA DO PILAR,-9.59277,-35.96283
2007681,AL,270690,U S F PERNAMBUCO NOVO,CONJUNTO JORGE BARROS,PERNAMBUCO NOVO,-9.61151,-35.96283
2007754,AL,270570,UBS SANTO ANTONIO,RUA SANTO ANTONIO,CENTRO,-9.5341,-37.29693
2007770,AL,270570,UBS NOVA BRASILIA,R N S APARECIDA,CENTRO,-9.53035,-37.29032
2007797,AL,270470,MELHOR EM CASA,RUA MARECHAL DEODORO,CENTRO,-9.71561,-35.8927
2007800,AL,270470,UNIDADE DE SAUDE DA FAMILIA DE MALHADAS,POVOADO MALHADAS,CENTRO,-9.76958,-35.87905
2007819,AL,270470,UNIDADE DE SAUDE DA FAMILIA SANTA RITA MARIA DO C A SOARES,RUA ADELINA DE CARVALHO MELLO,SANTA RITA,-9.7076,-35.82476
2007835,AL,270470,UNIDADE DE SAUDE DA FAMILIA BARRA NOVA,RUA PADRE SILVESTRE,BARRA NOVA,-9.7175,-35.81002
2007843,AL,270470,UNIDADE DE SAUDE DA FAMILIA MASSAGUEIRA,RUA MARINITA DE GOUVEIA,CENTRO,-9.73186,-35.83687
2007851,AL,270470,UNIDADE DE SAUDE DA FAMILIA FRANCES,AVENIDA DOS CORAIS,FRANCES,-9.76859,-35.83985
2007878,AL,270470,UNIDADE DE SAUDE DA FAMILIA DO DENISON AMORIM,CONJUNTO DENILSON AMORIM,DENILSON AMORIM,-9.75943,-35.87564
2007886,AL,270470,UNIDADE DE SAUDE DA FAMILIA RUA DA ESTIVA,RUA ESTIVA,CENTRO,-9.74114,-35.89375
2007894,AL,270470,UNIDADE DE SAUDE DA FAMILIA TAPERAGUA,ROD EDVAL LEMOS,CENTRO,-9.73714,-35.89227
2007916,AL,270350,CENTRO DE SAUDE JOSE MOREIRA DA SILVA,RUA NOSSA SENHORA DAS GRACAS,CENTRO,-8.842,-35.46
2007932,AL,270020,USF TABULEIRO,POVOADO TABULEIRO GRANDE,ZONA RURAL,-9.684,-36.304
2007940,AL,270020,USF JOAQUINA BEZERRA DA COSTA,AV MOREIRA LIMA,CENTRO,-9.68181,-36.30769
2007983,AL,270040,UNIDADE SAUDE DA FAMILIA SANTA INES,LOTEAMENTO SANTA INES,SANTA INES,-9.51166,-36.00186
2007991,AL,270040,POSTO DE SAUDE CHA DA JAQUEIRA,POVOADO CHA DA JAQUEIRA,CENTRO,,
2008009,AL,270040,UNIDADE SAUDE DA FAMILIA SAPUCAIA,POVOADO SAPUCAIA,ZONA RURAL,-9.52997,-36.06382
2008017,AL,270040,UNIDADE SAUDE DA FAMILIA JENIPAPEIRO,POVOADO JENIPAPEIRO,ZONA RURAL,-9.49063,-36.02591
2008025,AL,270040,UNIDADE SAUDE DA FAMILIA BRANCA,POVOADO BRANCA DE ATALAIA,ZONA RURAL,-9.49656,-36.08335
2008033,AL,270040,UNIDADE SAUDE DA FAMILIA BOCA DA MATA,POVOADO BOCA DA MATA,ZONA RURAL,-9.54741,-35.98213
2008041,AL,270040,UNIDADE SAUDE DA FAMILIA SANTO ANTONIO,POVOADO SANTO ANTONIO,ZONA RURAL,-9.45706,-36.02378
2008068,AL,270040,UNIDADE SAUDE DA FAMILIA PORANGABA,POVOADO PORANGABA,ZONA RURAL,-9.49615,-36.20255
2008084,AL,270040,UNIDADE SAUDE DA FAMILIA OURICURI,POVOADO OURICURI,ZONA RURAL,-9.5436,-36.17491
2008092,AL,270040,UNIDADE SAUDE DA FAMILIA OLHOS DAGUA,POVOADO OLHOS DAGUA,ZONA RURAL,-9.47836,-36.00765
2008114,AL,270040,UNIDADE SAUDE DA FAMILIA DOS ALTOS,LOTEAMENTO MIRANTE DE ATALAIA,ALTO DO CRUZEIRO,-9.50276,-36.02604
2008122,AL,270040,UNIDADE SAUDE DA FAMILIA CENTRO,RUA FRANKLIN ROOSEVELT,CENTRO,-9.50355,-36.02178
2008130,AL,270040,UNIDADE SAUDE DA FAMILIA JOSE PAULINO,BAIRRO JOSE PAULINO,CENTRO,-9.51572,-36.00363
2008149,AL,270040,UNIDADE SAUDE DA FAMILIA RUA DE CIMA,RUA DA MATRIZ,RUA DE CIMA,-9.50888,-36.01952
2008157,AL,270890,CENTRO DE SAUDE DR JOSE LOBO FERREIRA,RUA 17 DE AGOSTO,CENTRO,-9.563,-35.824
2008165,AL,270890,UNIDADE DE SAUDE DA FAMILIA IV PRIMAVERA,CONJUNTO LUIZ GONZAGA,PRIMAVERA,-9.563,-35.824
2008300,AL,270650,UNIDADE DR CARLOS GOMES DE BARROS,RUA SAO SEBASTIAO,CENTRO,-9.24493,-35.49131
2008327,AL,270650,UNIDADE BASICA DE SAUDE JOSE CARLOS SOUZA SILVER,RUA DO CEMITERIO,GAMELEIRA,-9.23631,-35.48796
2008335,AL,270650,UNIDADE BASICA DE SAUDE PAULO S DOS SANTOS BOM DESPACHO,POVOADO BOM DESPACHO,ZONA RURAL,-9.28461,-35.43532
2008343,AL,270650,UNIDADE BASICA DE SAUDE DE MARCINEIROS MARIA LUIZA L DURVAL,POVOADO DE MARCINEIRO,POV DE MARCINEIRO,-9.29862,-35.40082
2008386,AL,270642,UNIDADE BASICA DE SAUDE DE CARAIBEIRAS,POVOADO CARAIBEIRAS DOS TEODOSIOS,ZONA RURAL,-9.254,-38.006
2008394,AL,270642,UNIDADE BASICA DE SAUDE DE CAMPINHOS,POVOADO CAMPINHOS,ZONA RURAL,-9.254,-38.006
2008416,AL,270080,UNIDADE DE SAUDE DA FAMILIAE CABECA DANTAS,POVOADO CABECA DANTAS,ZONA RURAL,-9.59043,-36.45933
2008424,AL,270080,CENTRO DE SAUDE DE BELEM,RUA DO COMERCIO,CENTRO,-9.57133,-36.4935
2008432,AL,270642,UNIDADE BASICA DE SAUDE DA SERRA DOS VITORIOS,SERRA DOS VITORIOS,ZONA RURAL,-9.254,-38.006
2008467,AL,270130,UNIDADE BASICA DE SAUDE DIVA TOLEDO PSF,RUA DO PONTO,CENTRO,-9.38099,-36.16127
2008475,AL,270820,UNIDADE DE SAUDE DA FAMILIA DE LAGOA COMPRIDA,DISTRITO LAGOA COMPRIDA,DISTRITO LAGOA COMPR,-10.09348,-36.93038
2008513,AL,270310,UNIDADE DE SAUDE DA FAMILIA DE CARAIBINHAS,POVOADO CARAIBINHAS,ZONA RURAL,-9.537,-36.634
2008521,AL,270310,UNIDADE DE SAUDE DA FAMILIA LAGOA DO CAPIM,POVOADO LAGOA DO CAPIM,ZONA RURAL,-9.537,-36.634
2008548,AL,270330,UBS GRAVATA,POVOADO GRAVATA,ZONA RURAL,-9.28391,-37.69674
2008556,AL,270915,USF 16 JOAO LOURIVAL DE SOUZA,CONJUNTO JUAREZ ORESTES GOMES DE BARROS,CENTRO,-9.91228,-36.34628
2008564,AL,270690,USF JULIO CANSANCAO I,RUA OLIVEIRA E SILVA,CENTRO,-9.60911,-35.95416
2008580,AL,270010,POSTO DE SAUDE ALTO DOS COELHOS,POVOADO ALTO DOS COELHOS,ZONA RURAL,-9.262,-37.938
2008599,AL,270010,POSTO DE SAUDE QUIXABEIRA,POVOADO QUIXABEIRA,ZONA RURAL,-9.1543,-37.5617
2008602,AL,270010,POSTO DE SAUDE PSICOSOCIAL,RUA CORONEL ULISSES LUNA,CENTRO,,
2008610,AL,270010,POSTO DE SAUDE DA SERRA DO CAVALO,POVOADO SERRA DO CAVALO,ZONA RURAL,-9.262,-37.938
2008653,AL,270010,POSTO DE SAUDE VARZEA DO PICO,POVOADO VARZEA DO PICO,ZONA RURAL,-9.262,-37.938
2009382,AL,270910,USF PAU DO DESCANSO,SITIO PAU DO DESCANSO,ZONA RURAL,-9.63788,-36.41361
2008696,AL,270740,UNIDADE DE SAUDE DA FAMILIA JOSE FERREIRA DE MACEDO,RUA EMILIO JOSE GONCALVES,ZONA RURAL,-9.21759,-35.33994
2008734,AL,270540,UNIDADE BASICA DE SAUDE DO AGRESTE,POVOADO AGRESTE,CENTRO,-9.59385,-37.31215
2008793,AL,270750,CENTRO DE SAUDE MARIA LAURA OTTO KUMMER SOUZA,AVADEMARIO VIEIRA DANTAS,CENTRO,-10.18341,-36.83552
2008807,AL,270750,ESF PAU DE FACEIRA,POVOADO PAU DE FACEIRA,ZONA RURAL,-10.01034,-36.66717
2008815,AL,270750,ESF BARRA DO ITIUBA,POVOADO BARRA DO ITIUBA,ZONA RURAL,-10.21127,-36.77071
2008823,AL,270750,ESF CANOA DE CIMA,POVOADO CANOA DE CIMA,ZONA RURAL,-10.0778,-36.69672
2008874,AL,270850,POSTO MUNICIPAL DE SAUDE JOAO ROCHA CALADO,AVDRFERNANDO SARMENTO,CENTRO,-9.318,-35.561
2008882,AL,270850,ESF JOSE OZORIO DO NASCIMENTO,ALTO DO CRISTO REDENTOR,CENTRO,-9.318,-35.561
2008890,AL,270850,POSTO DE SAUDE DO PARAISO,FAZENDA PARAISO,ZONA RURAL,-9.318,-35.561
2008904,AL,270850,POSTO DE SAUDE SANTO INACIO SL QUITUNDE,CONJSANTO INACIO,CENTRO,-9.318,-35.561
2008912,AL,270850,PSF SAO FRUTUOSO,ASSENTAMENTO SAO FRUTUOSO,ZONA RURAL,-9.318,-35.561
2008920,AL,270850,CENTRO DE SAUDE GOVLAMENHA FILHO,POVOADO QUITUNDE,CENTRO,-9.318,-35.561
2008947,AL,270310,UNIDDE SAUDE DA FAMILIA 01 ZONA URBANA II,RUA JUCA TENORIO,CENTRO,-9.537,-36.634
2009005,AL,270240,UNIDADE BASICA DE SAUDE BARRAGEM LESTE,POVOADO BARRAGEM LESTE,ZONA RURAL,-9.37158,-38.19121
2009080,AL,270240,CENTRO DE SAUDE DOUTOR PEDRO JOSE DOS SANTOS,RUA MARIO PEREIRA,ELDORODO,-9.37832,-38.00101
2009099,AL,270240,UNIDADE BASICA DE SAUDE ANGELITA OLIVEIRA SOUZA,RUA NOSSA SENHORA DO ROSARIO,PEDRA VELHA,-9.38786,-37.98654
2009110,AL,270240,UNIDADE BASICA DE SAUDE JARDIM CORDEIRO,POVOADO JARDIM CORDEIRO,ZONA RURAL,-9.40606,-38.18748
2009137,AL,270870,UNIDADE DE SAUDE DA FAMILIA DIVALDO SURUAGY,RUA VIGARIO BELO,CENTRO,-9.26545,-35.3742
2009145,AL,270870,UNIDADE BASICA DE SAUDE DO TOQUE,RUA FELISBERTO DE ATAIDE,POVOADO DO TOQUE,-9.2598,-35.37624
2009196,AL,270510,UNIDADE SAUDE DA FAMILIA DR LUIZ MOREIRA,RUA 24 DE MAIO,CENTRO,-9.15781,-35.53076
2009218,AL,270510,UNIDADE DE SAUDE DA FAMILIA HUMAITA,FAZENDA HUMAITA,ZONA RURAL,-9.152,-35.533
2009226,AL,270510,UNIDADE DE SAUDE DA FAMILIA JOSE CAVALCANTE ARAUJO,AV ANTONIO MANOEL DOS SANTOS,CENTRO,-9.152,-35.533
2009234,AL,270510,UNIDADE DE SAUDE DA FAMILIA SANTA CRUZ DO RIACHAO,FAZENDA SANTA CRUZ DO RIACHAO,ZONA RURAL,-9.152,-35.533
2009293,AL,270900,UNIDADE DE SAUDE DA FAMILIA VILA APARECIDA,POVOADO VILA APARECIDA,ZONA RURAL,-9.53192,-36.43234
2009307,AL,270910,USF MURICI,SITIO MURICI,ZONA RURAL,-9.61158,-36.52117
2009331,AL,270910,USF CANAFISTULA,SITIO CANAFISTULA,ZONA RURAL,-9.63225,-36.4594
2009366,AL,270910,USF LUIZ JOSE DA SILVA,SITIO SALGADO,ZONA RURAL,-9.66637,-36.52343
2009447,AL,270100,UBS JOSEFA FERREIRA DA COSTA,FAZ OURO BRANCO,ZONA RURAL,-9.656,-36.11289
2009455,AL,270100,UBS BERNADETE LEITE MUTIRAO,RUA JOSE PALMEIRA SAMPAIO,MUTIRAO,-9.64687,-36.20572
2009463,AL,270100,UBS PERI PERI,POVOADO PERI PERI,NAO CONSTA,-9.66351,-36.14114
2009471,AL,270100,UBS ANA MARIA DO ESPIRITO SANTO S LUIZ,FAZ SEBASTIAO LUIZ,ZONA RURAL,-9.61363,-36.24242
2009498,AL,270100,UBS JOSE PALMEIRA FILHO PALMEIRINHA,FAZ PALMEIRINHA,ZONA RURAL,-9.68372,-36.21467
2009501,AL,270100,UBS ORITENILA BATISTA DE MOURA PRACA PE CICERO,RUA ANTONIO DE BARROS LINS,CENTRO,-9.64056,-36.2192
2009536,AL,270100,UBS MAJOR JOSE TENORIO,VILA VELHA,CENTRO,-9.63843,-36.21594
2009544,AL,270100,CENTRO DE SAUDE DR CLAUDIO REGIS A CERQUEIRA NASF,RUA PROFDIVALDO SURUAGY,CENTRO,,
2009560,AL,270190,POSTO DE SAUDE SANTA FE,POVOADO SANTA FE,ZONA RURAL,-9.25485,-36.29606
2009579,AL,270870,UNIDADE DE SAUDE DA FAMILIA DE PORTO DA RUA,PRACA BOM JESUS,PORTO DA RUA,-9.24245,-35.35146
2009676,AL,270430,CENTRO DE SAUDE DA ETFAL,RUA BARAO DE ATALAIA,POCO,-9.66526,-35.73383
2009846,AL,270430,I CENTRO DE SAUDE DR AUGUSTO DIAS CARDOSO,RUA CORONEL CAHET,LEVADA,,
2009684,AL,270430,UNIDADE BASICA DE SAUDE VANDERLI MARIA DE ANDRADE 8 DS,RUA AMERICO VASCO COM AV LUIZ DE F ALBUQUERQUE,RIACHO DOCE,-9.61843,-35.67089
2010097,AL,270770,UNIDADE DE SAUDE GERONIMO BARROS,RUA SANTA HELENA,FAZENDA CANOAS,-9.47812,-35.85204
2010143,AL,270670,USF ANTONIA LEITE DA SILVA,AVENIDA ITAPORANGA,D CONSTANTINO,-10.29,-36.586
2010186,AL,270860,UNIDADE BASICA DE SAUDE ADAILTON BARBOSA DE CARVALHO,QUADRA,LOT VALDEMAR CAVALCA,-9.79143,-36.09543
2010194,AL,270860,UNIDADE BASICA DE SAUDE JOSE MARCELINO DOS SANTOS FILHO,RUA PASTOR JOSE DE MORAES ALVES,LOT CANTO DA SAUDADE,-9.78335,-36.10296
2010208,AL,270860,UNIDADE BASICA DE SAUDE ELISEU MARQUES,QUADRA A,WELLINGTON TORRES,-9.79421,-36.10004
2010224,AL,270860,UNIDADE BASICA DE SAUDE DONA FLORACI SOARES DOS SANTOS,RUA JOSE TORRES FILHO,HUMBERTO ALVES,-9.78172,-36.08986
2010232,AL,270860,UNIDADE BASICA DE SAUDE BELA VISTA,RUA ROCHA SANTOS,CENTRO,-9.78386,-36.09272
2010275,AL,270860,UNIDADE BASICA DE SAUDE ESTHER SOARES,FATIMA,ESTHER STORRES II,,
2010283,AL,270860,UNIDADE BASICA DE SAUDE DONA MARIA DA ROCHA LIMA,RODOVIA AUREO CESAR TEIXEIRA,POVOADO COITE,-9.79266,-36.07672
2010305,AL,270860,UNIDADE BASICA DE SAUDE DR JOAO SOARES PALMEIRA,RUA SENADOR MAXIMO,CENTRO,,
2010313,AL,270860,UNIDADE BASICA DE SAUDE JOAO ZACARIAS VILA NOVA DE OLIVEIRA,RUA SANTO ANTONIO,FATIMA,-9.79252,-36.10259
2010968,AL,270630,USF SERRA DA BOA VISTA,SERRA DA BOA VISTA,ZONA RURAL,-9.407,-36.628
2010399,AL,270130,UNIDADE BASICA DO SITINHO PSF VII,RUA SARGENTO JOAO SAMPAIO,CENTRO,-9.39464,-36.15627
2010410,AL,270550,USF 5 DE JULHO,RUA 5 DE JULHO,CAMPO GRANDE,-9.31058,-35.94598
2010429,AL,270550,USF GERALDO VIRGILIO,POVOADO URUCU,ZONA RURAL,-9.40278,-35.87708
2010437,AL,270550,USF HOSANA GOMES DA SILVEIRA,RESIDENCIAL PEDRO TENORIO RAPOSO,PEDRO TENORIO RAPOSO,-9.30587,-35.93885
2010461,AL,270550,USF IVONETE MARQUES DE LIMA,CONJUNTO ASTOLFO LOPES,CAMPO GRANDE,-9.31017,-35.93987
2010488,AL,270550,USF LENIRA TENORIO CAVALCANTE,RUA DR MARIO LEAO,CAMPO GRANDE,-9.31454,-35.94353
2010496,AL,270550,USF USINA SAO SIMEAO,USINA SAO SIMEAO,ZONA RURAL,-9.29598,-35.96099
2010518,AL,270550,USF ANTONIA BATISTA DE MELO,CONJUNTO RESIDENCIAL OLAVO CALHEIROS,OLAVO CALHEIROS,-9.31977,-35.9372
2010526,AL,270550,USF FAZENDA JUSSARA,ENGENHO JUSSARA,ZONA RURAL,-9.31461,-35.9437
2010534,AL,270630,USF EUCALIPTO,RUA TENENTE JULIO AMORIM,VILA MARIA,-9.407,-36.628
2010550,AL,270630,USF BOA SORTE,FAZENDA BOA SORTE,ZONA RURAL,-9.407,-36.628
2010577,AL,270630,USF CANAFISTULA,RUA AURELIO B DE HOLANDA POVOADO CANAFISTULA,ZONA RURAL,-9.407,-36.628
2010585,AL,270630,USF VILA MARIA,RUA GETULIO VARGAS,VILA MARIA,-9.4099,-36.63484
2010712,AL,270630,USF VILA JOAO XXIII,AVENIDA ALGOAS,JARDIM BRASIL,-9.407,-36.628
2010771,AL,270630,USF DENILMA BULHOES,RUA SEBASTIAO FERREIRA,PALMEIRA DE FORA,-9.407,-36.628
2010836,AL,270630,USF VILA NOVA,RUA MARIA TENORIO CAVALCANTE,VILA NOVA,-9.407,-36.628
2010852,AL,270630,USF XUCURUS,RUA AVELINO BALBINO,XUCURUS,-9.407,-36.628
2010860,AL,270280,2010860 USF 04 C S CLIMERIO W SARMENTO,RUA CORONEL ALCANTARA,CENTRO,-9.273,-35.715
2010879,AL,270280,2010879 USF 01 C S DOLORES JATOBA,USINA PEIXE,ZONA RURAL,-9.273,-35.715
2010895,AL,270280,2010895 USF 03 DR ARNALDO CAVALCANTE MAGALHAES,RUA EM PROJETO,CENTRO,-9.27615,-35.72642
2010909,AL,270280,2010909 USF 02 AMARO CLAUDINO DOS SANTOS,FAZENDA POCO VERDE,ZONA RURAL,-9.27304,-35.72627
2010917,AL,270280,2010917 USF 05 MARIA CAVALCANTE DE ALMEIDA,RUA CANDIDO LAMENHA LINS,CENTRO,-9.27285,-35.71507
2010933,AL,270630,USF BONIFACIO,POVOADO BONIFACIO,ZONA RURAL,-9.407,-36.628
2010941,AL,270630,USF ALGODAOZINHO,POVOADO ALGODAOZINHO,ZONA RURAL,-9.407,-36.628
2010976,AL,270630,USF SERRA DA MANDIOCA,POVOADO SERRA DA MANDIOCA,ZONA RURAL,-9.407,-36.628
2011018,AL,270630,USF CORURIPE DA CAL,POVOADO CORURIPE DA CAL,ZONA RURAL,-9.407,-36.628
2011026,AL,270630,USF SANTO ANTONIO,POVOADO SANTO ANTONIO,ZONA RURAL,-9.407,-36.628
2011042,AL,270070,POSTO DE SAUDE DO FUNIL,POVOADO FUNIL,ZONA RURAL,-9.678,-37.125
2011069,AL,270070,POSTO DE SAUDE DE CIMA,POVOADO SAUDE DE CIMA,ZONA RURAL,-9.678,-37.125
2011077,AL,270070,POSTO DE SAUDE CAJA DOS NEGROS,POVOADO CAJA DOS NEGROS,ZONA RURAL,-9.678,-37.125
2011085,AL,270390,UNIDADE BASICA DE SAUDE ANTONIO JOSE DE VERCOSA,LOTEAMENTO MARIA DE LOURDES RUFINO,ZONA RURAL,-8.935,-35.574
2011093,AL,270070,CENTRO DE SAUDE MUNICIPAL DR ITAMAR CIRYNO,AVPAULO DANTAS,CENTRO,-9.678,-37.125
2011115,AL,270480,USF V SALGADO,SITIO SALGADO,ZONA RURAL,-9.57608,-36.30563
2011123,AL,270650,UNIDADE BASICA DE SAUDE SEVERINO CARLOS CORREIA MARANHAO,FAZENDA JUNDIA,ZONA RURAL,-9.30518,-35.49846
2011131,AL,270650,UNIDADE BASICA DE SAUDE PREF CYRIDIAO DURVAL PEIXOTO,RUA SAO SEASBTIAO,CENTRO,-9.24411,-35.49038
2011158,AL,270680,POSTO DE SAUDE PONTAL DO PEBA,POVOADO PONTAL PEBA,POVOADO PONTAL DO PE,-10.35428,-36.2973
2011174,AL,270690,USF CHA DO TANGIL,RUA PEDRO CIRIARCO DE BARROS,TANGIL,-9.60675,-35.95696
2011182,AL,270690,HORACIO EUZEBIO SERAFIM USF DO FORNO I,R AVELINO CAVALCANTE,CHA DO PILAR,-9.58945,-35.96064
2011190,AL,270690,USF JOAO FERREIRA DA SILVA,RUA SEMEAO DE OLIVEIRA FORTES,CHA DO PILAR,-9.59186,-35.95069
2011204,AL,270690,USF 05 MARCOS A MELO DA COSTA,TRAVESSA SR DO BOMFIM,CHA DO PILAR,-9.59483,-35.95955
2011212,AL,270690,USF FORNO II,R AVELINO CAVALCANTE,CHA DO PILAR,-9.58722,-35.96027
2011239,AL,270750,ESF CARNAIBAS,POVOADO CARNAIBAS,ZONA RURAL,-10.17049,-36.77496
2011247,AL,270750,ESF MARABA,POVOADO MARABA,ZONA RURAL,-10.05586,-36.7104
2011344,AL,270020,USF CHA DA MANGABEIRA,RUA JOS FRANCISCO DE OLIVEIRA,CH DA MANGABEIRA,-9.684,-36.304
2011352,AL,270020,USF DUAS ESTRADAS,STIO DUAS ESTRADAS,ZONA RURAL,-9.684,-36.304
2011433,AL,270235,UNIDADE DE SAUDE DA FAMILIA CRAIBAS,RUA FRANCISCO GAMA DA SILVA,CENTRO,-9.6237,-36.76828
2011441,AL,270235,USF EDIVALDO CORREIA BARBOSA,RUA SANTO ANTONIO,COHAB,-9.61573,-36.76114
2011468,AL,270255,UNIDADE DE SAUDE DA FAMILIA DR ALVARO MACHADO,SERRA DO BERNADINO,ZONA RURAL,-9.39,-36.76
2011484,AL,270310,UNIDADE DE SAUDE DA FAMILIA DE NOVO RIO,POVOADO NOVO RIO,ZONA RURAL,-9.537,-36.634
2011506,AL,270310,UNIDADE DE SAUDE DA FAMILIA III,RUA DO COMERCIO,CENTRO,-9.537,-36.634
2011514,AL,270310,UNIDADE DE SAUDE DA FAMILIA LAGOA DE CIMA,POVOADO LAGOA DE CIMA,ZONA RURAL,-9.537,-36.634
2011573,AL,270480,CENTRO DE SAUDE JOSEFA TITARA DO CARMO,AV SENADOR ARNON DE MELO,CENTRO,-9.57865,-36.30515
2011603,AL,270940,CENTRO DE SAUDE ESPECIALIZADO OSWALDO BRANDAO VILELA,RUA FREDERICO MAIA,CENTRO,-9.37243,-36.2454
2011611,AL,270680,POSTO DE SAUDE FRANCISCO MELO POTENGY,POVOADO POTENGY,POVOADO POTENGYY,-10.44146,-36.40001
2011638,AL,270040,UNIDADE SAUDE DA FAMILIA NOVA OLINDA,AVENIDA PARAIBA,NOVA OLINDA,-9.50416,-36.02424
2011654,AL,270060,UNIDADE DE SAUDE DA FAMILIA,LOT OUTEIRO,CENTRO,-9.83925,-35.90615
2011700,AL,270100,UBS MARIA GENURA DE AMORIM DAMASO,RUA MANOEL ANACLETO,VARELA,-9.6505,-36.20689
2011727,AL,270180,UNIDADE DE SAUDE AGENOR RODRIGUES DOS ANJOS,SITIO FURNAS,ZONA RURAL,-9.45534,-37.34694
652164,AL,270430,MODULO ODONTOLOGICO CORINTO CAMPELO DA PAZ,CONJ INOCOOP RUA 5A,CID UNIVERSITARIA,-9.55785,-35.78837
2721783,AL,270780,UNIDADE BASICA DE SAUDE GENILZA DE CASTRO ALVES,DESTILARIA ROTEIRO,ZONA RURAL,-9.90244,-35.9792
2010844,AL,270630,USF SAO FRANCISCO,RUA VEREADOR ZECA PAULO,SAO FRANCISCO,-9.41437,-36.62401
2704501,AL,270710,C S NEHEMIAS RODRIGUES ALENCAR,RUA MARECHAL DEODORO,NS DA SAUDE,-9.624,-37.757
2704536,AL,270710,UBS LUIZ LUNA TORRES,AVENIDA JOSE LUIS FILHO,ZONA RURAL,-9.42458,-37.71521
2704978,AL,270710,UBS DR ULISSES LUNA,RUA MARAVILHA,XNGO,-9.60014,-37.77045
2704986,AL,270770,USF BENEDITO LOPES,LOTEAMENTO PARQUE SANTA TEREZA,PREFEITO ANTONIO LIN,-9.47827,-35.85217
2704994,AL,270240,POSTO DE SAUDE MARCELINO MARTINS,POVOADO CRUZ,ZONA RURAL,-9.41503,-38.04116
2705001,AL,270400,UNIDADE BASICA DE SAUDE DA FAMILIA DE JUNQUEIRO,RUA PADRE ANTONIO PROCOPIO,CENTRO,-9.92928,-36.47507
2705710,AL,270930,HOSPITAL GERAL DE UNIAO,RUA ABILIO GOMES,CENTRO,-9.157,-36.02921
2705729,AL,270930,CENTRO DE SAUDE MUNICIPAL CASA DA MULHER,RUA 15 DE NOVEMBRO,CENTRO,-9.163,-36.032
2719029,AL,270170,PSF 001,RUA ANTONIO LOPES,CABOJE,-9.40791,-36.07314
2719037,AL,270170,PSF 002,VEREADOR MANOEL VIEIRA DE ALMEIDA,CENTRO,-9.40791,-36.07314
2719045,AL,270170,PSF 003,RUA PEDRO PAULINO,CENTRO,-9.40791,-36.07314
2719053,AL,270170,PSF 005,FAZENDA BUZIOS,FAZENDA,-9.40759,-36.07331
2719061,AL,270170,PSF 006,POVOADO DE SANTA EFIGENIA,POVOADO,-9.40791,-36.07329
2719088,AL,270170,PSF 007,MUTIRAO,CENTRO,-9.40798,-36.07333
2719096,AL,270170,PSF 008,RUA GERCINO MOREIRA,CENTRO,-9.41021,-36.07743
2719118,AL,270170,PSF 004,USINA JOAO DE DEUS,USINA JOAO DE DEUS,-9.40791,-36.08826
2719134,AL,270210,AMBULATORIO DANIEL MONTEIRO DA CRUZ,DESTILARIA PORTO ALEGRE,ZONA RURAL,-8.90843,-35.72269
2719142,AL,270210,UNIDADE BASICA DE SAUDE USINA TAQUARA,USINA TAQUARA,ZONA RURAL,-8.90875,-35.72235
2719150,AL,270210,UNIDADE BASICA DE SAUDE JOSE LUIZ LESSA,RUA DA MANGUEIRA,CENTRO,-8.90886,-35.72245
2719169,AL,270210,UNIDADE BASICA DE SAUDE CENTRO,SEVERINO FERREIRA DE LIMA,CENTRO,-8.90837,-35.7222
2719177,AL,270210,UNIDADE BASICA DE SAUDE VILA NOVA,VILA NOVA,CENTRO,-8.90858,-35.72209
2719185,AL,270640,ESF 2 CENTRO DE SAUDE DR HEITOR M ALBUQUERQUE PSF II,RUA JOSE DE FREITAS MACHADO,CENTRO,-9.74803,-37.43643
2719193,AL,270640,CENTRO DE FISIOTERAPIA,AV MANOELITO BEZERRA LIMA,CENTRO,-9.64241,-37.56175
2719215,AL,270640,ESF 4 POSTO DE SAUDE DE LAGOA DE PEDRA PSF IV,POVOADO LAGOA DE PEDRA,POVOADO,-9.74799,-37.43598
2719266,AL,270640,ESF 7 UNIDADE DE SAUDE DA FAMILIA DE IMPOEIRA,POVOADO IMPOEIRA,POVOADO,-9.74797,-37.43583
2719274,AL,270640,ESF 3 UNIDADE DE SAUDE DE JACAREZINHO,POVOADO JACAREZINHO,POVOADO,-9.74799,-37.43576
2719282,AL,270640,ESF 5 EQUIPE DE SAUDE DA FAMILIA DO JAPAO PSF V,POVOADO JAPAO,POVOADO,-9.74793,-37.43574
2719398,AL,270560,CASA MATERNAL SANTA LUZIA,AV FLORIANO PEIXOTO,NAO CONSTA,,
2719401,AL,270520,CENTRO DE SAUDE ALEX GUIMARAES,CONJ ANTONIO RODRIGUES CALHEIROS,CENTRO,-9.388,-35.842
2719436,AL,270600,CENTRO DE SAUDE C LUIS C SILVA,RUA JULIO NOBRE,CENTRO,-9.51743,-37.19219
2719444,AL,270530,CENTRO DE SAUDE D PEDRO I,RUA GRACILIANO RAMOS,CENTRO,-9.305,-36.865
2719452,AL,270150,CENTRO DE SAUDE DE CAMPO GRANDE,AVENIDA CASTELO BRANCO,CENTRO,-9.958,-36.792
2719479,AL,270220,CENTRO DE SAUDE DE COQUEIRO SECO,RUA VEREADOR RENILDO JOSE DOS SANTOS,CENTRO,-9.63578,-35.79182
2719487,AL,270290,CENTRO DE SAUDE DE GIRAU DO PONCIANO,RUA DO SOL,CENTRO,-9.88354,-36.82845
2719495,AL,270320,ESF 06 CENTRO DE SAUDE DE IGREJA NOVA,TRAVESSA NOSSA SENHORA APARECIDA,CENTRO,-10.125,-36.662
2719509,AL,270460,CENTRO DE SAUDE DE MARAVILHA,PRACA MANOEL BARBOSA ALCANTARA,CENTRO,-9.22841,-37.35036
2719517,AL,270540,CENTRO DE SAUDE DE MONTEIROPOLIS,RJUSCELINO KUBITSCHEL,CENTRO,-9.6071,-37.25209
2719533,AL,270780,CENTRO DE SAUDE DE ROTEIRO ELADIO MARCELINO,LOT DR JOAO JATOBA,CENTRO,-9.833,-35.978
2719541,AL,270810,CENTRO DE SAUDE DE SANTANA DO MUNDAU,RESIDENCIAL SANTANA DO MUNDAU,JUSSARA,-9.168,-36.222
2719568,AL,270790,CENTRO DE SAUDE DR DIOGENES J BERNARDES,RUA ESTEVAO P DE BRITO,CENTRO,-9.60282,-35.82112
2719584,AL,270490,CENTRO DE SAUDE DR HUMBERTO GOMES DE MELO,RUA GERONIMO VAZ TENORIO,CENTRO,-9.44786,-36.38805
2719606,AL,270770,USF DR EZEQUIAS ALVES,CONJUNTO AMELIA ROSA,PREFEITO ANTONIO LIN,-9.47827,-35.85214
2719614,AL,270770,USF PROF JOAO FERREIRA DA ROCHA,TRAVESSA 16 DE SETEMBRO,GUSTAVO PAIVA,-9.47823,-35.85186
2719630,AL,270450,CENTRO DE SAUDE EURICO ACIOLY WANDERLEY,RUA LUIZ HOLANDA,CENTRO,-9.01428,-35.22235
2719649,AL,270110,CENTRO DE SAUDE FRANCISCO JOSE DA SILVA,RUA DR PRADO OMENA,CENTRO,-9.246,-36.015
2719657,AL,270270,CENTRO DE SAUDE I DE FELIZ DESERTO,PRACA DOMINGOS MENDES,CENTRO,-10.2924,-36.30633
2719665,AL,270680,CENTRO DE SAUDE II,RUA MESTRE FRANCELINO,CENTRO,-10.40577,-36.43426
2719673,AL,270700,CENTRO DE SAUDE VEREADOR JOSE GOMES CALHEIROS,RUA SAO JOSE,CENTRO,-9.47641,-36.2874
2719703,AL,270410,CENTRO DE SAUDE MANOEL ROCHA DOS SANTOS,AV DEPUTADO ANTONIO ALBUQUERQUE,CENTRO,-9.83,-36.738
2719711,AL,270420,CENTRO DE SAUDE M CELINA RIBEIRO,RUA SANTA CRUZ,CENTRO,-9.73558,-36.50201
2719738,AL,270915,01 06 CENTRO DE SAUDE MANUEL A DE SANTANA,RUA FRANCISCO TIMOTEO,CENTRO,-9.90904,-36.34986
2719746,AL,270730,UBS MARIA DA PENHA AIRES DE OLIVEIRA,RUA ALTO DA FORCA,CENTRO,-9.05372,-35.39849
2719754,AL,270260,UNIDADE DE SAUDE DA FAMILIA MASSAPE,POVOADO MASSAPE,ZONA RURAL,-9.9,-36.678
2719762,AL,270010,CENTRO DE SAUDE MUNICIPAL DE AGUA BRANCA,RUA NOSSA SENHORA DA CONCEICAO,BAIRRO NOVO,-9.26597,-37.93446
2719789,AL,270880,UNIDADE BASICA DE SAUDE MESTRA CLARICE,RUA SETE DE SETEMBRO,CENTRO,-9.934,-36.544
2719797,AL,270580,CENTRO DE SAUDE OLHO DAGUA DO CASADO,RUA DELMIRO GOUVEIA,CENTRO,-9.50295,-37.83515
2719800,AL,270810,CENTRO DE SAUDE PADRE CICERO,RUA SILVESTRE PERICLES,CENTRO,-9.16809,-36.22154
2719819,AL,270220,UBS PADRE CICERO,PRACA PADRE CICERO,BRASILIA,-9.63919,-35.80218
2719827,AL,270895,CENTRO DE SAUDE PEDRO VIEIRA REGO,RUA MANOEL DA ROCHA WANDERLEY,CENTRO,-9.46314,-37.45535
2719835,AL,270340,CENTRO DE SAUDE PREFEITO ANTONIO FIGUEIREDO,RUA FERNANDO ARAUJO SOUTO,CENTRO,-9.63403,-37.20819
2719843,AL,270770,USF PROF JOSE CARLOS DA SILVA,LOTEAMENTO PALMARES,PREFEITO ANTONIO LIN,-9.47823,-35.85232
2719878,AL,270500,CENTRO DE SAUDE SANTA CRUZ DO DESERTO,POVOADO SANTA CRUZ DO DEZERTO,ZONA RURAL,-9.14244,-37.83417
2719886,AL,270915,02 CENTRO DE SAUDE TEOTONIO VILELA,RUA JACINTO JERONIMO DA SILVA,CENTRO,-9.90911,-36.34989
2719908,AL,270730,UBS USINA SANTA MARIA,RUA BRASILIA,USINA SANTA MARIA,-9.01735,-35.42983
2719916,AL,270370,CENTRO DESAUDE JOSEFA BARBOSA CESAR,RUA PROF DERALDO CAMPOS,CENTRO,-9.65905,-37.00243
2719967,AL,270820,UNIDADE DE SAUDE DA FAMILIA URBANA,PRACA PADRE CICERO,ALTO DO CEMITERIO,-10.1217,-36.90183
2720078,AL,270920,USF MUMBACA,POVOADO MUNBACA,ZONA RURAL,-9.971,-37.003
2720086,AL,270920,USF PIRANHAS,POVOADO PIRANHAS,ZONA RURAL,-9.97094,-37.00296
2720116,AL,270770,USF JOSE ARAGAO DOS ANJOS,CONJUNTO CRUZEIRO DO SUL,FORENE,-9.47836,-35.85249
2720183,AL,270300,UNIDADE DE SAUDE DA FAMILIA DR DOUGLAS LINS DE ARAUJO,RUA AVENIDA DOUTORA JANETE DE ARAUJO,CENTRO,-8.973,-35.939
2720205,AL,270460,USF ALEXANDRE GOMES,SITIO ALEXANDRE GOMES,ZONA RURAL,-9.20192,-37.29822
2720248,AL,270770,USF AUDEIR DE A PEIXOTO,AV INTENDENTE JULIO CALHEIROS,MATA DO ROLO,-9.47833,-35.85189
2720264,AL,270290,UNIDADE DE SAUDE DA FAMILIA BARBOSA,SITIO BARBOSA,ZONA RURAL,-9.82376,-36.7915
2720302,AL,270520,POSTO DE SAUDE BITITINGA,FAZENDA BITITINGA,ZONA RURAL,-9.388,-35.842
2720329,AL,270420,UNIDADE DE SAUDE DA FAMILIA CACIMBAS,SITIO CACIMBAS,ZONA RURAL,-9.66968,-36.46506
2720345,AL,270370,POSTO DE SAUDE CAMPO ALEGRE,POVOADO CAMPO ALEGRE,CENTRO,-9.659,-37.002
2720426,AL,270910,USF ABEL BEZERRA DA SILVA,POVOADO LAGOA GRANDE,ZONA RURAL,-9.60037,-36.53617
2720450,AL,270880,POSTO DE SAUDE CURRALINHO,POVOADO CURRALINHO,ZONA RURAL,-9.98759,-36.63584
2720469,AL,270410,UNIDADE BASICA DE SAUDE JOAO PEREIRA MACHADO,POVOADO ANTUNICA,ZONA RURAL,-9.83,-36.738
2720477,AL,270410,UNIDADE BASICA DE SAUDE ANANIAS VIEIRA SAMPAIO,SITIO ALEXANDRE,ZONA RURAL,-9.83,-36.738
2720485,AL,270290,UNIDADE DE SAUDE DA FAMILIA CALDEROES,SITIO CALDEROES,CENTRO,-9.83695,-36.8224
2720493,AL,270920,USF CAPIVARA,POVOADO CAPIVARA,ZONA RURAL,-9.971,-37.003
2720515,AL,270320,ESF 10 CENTRO DE SAUDE PALMEIRA DOS NEGROS,POVOADO JENIPAPO,ZONA RURAL,-10.125,-36.662
2720531,AL,270810,CENTRO DE SAUDE DE MUNGUBA,VILA MUNGUBA,DISTRITO,-9.06072,-36.19566
2720574,AL,270460,USF SAO CRISTOVAO,POVOADO SAO CRISTOVAO,ZONA RURAL,-9.30961,-37.43126
2720590,AL,270290,UNIDADE DE SAUDE DA FAMILIA ALGODAO,SITIO ALGODAO,ZONA RURAL,-9.90722,-36.81836
2720604,AL,270370,POSTO DE SAUDE DO ALTAO,POVOADO ALTAO,CENTRO,-9.659,-37.002
2720620,AL,270790,UNIDADE BASICA DE SAUDE DRA HERMINIA TAVARES DA SILVA,RUA D PEDRO II,QUILOMBO,-9.60268,-35.82026
2720639,AL,270200,UNIDADE DE SAUDE DA FAMILIA MUMBUCA,SITIO MUMBUCA,ZONA RURAL,-9.65313,-36.57735
2720647,AL,270730,UBS DR JULIO C M UCHOA PORTO CALVO,POVOADO MACIAPE,ZONA RURAL,-8.96515,-35.43214
2720663,AL,270240,UNIDADE BASICA DE SAUDE EUSEBIO MOREIRA,POVOADO LAGOINHA,ZONA RURAL,-9.42413,-38.04137
2720671,AL,270880,POSTO DE SAUDE FLEXEIRAS,POVOADO FLEXEIRAS,ZONA RURAL,-9.934,-36.554
2720698,AL,270110,POSTO DE SAUDE FLOR DO MUNDAU,ASSENTAMENTO ZUMBI DOS PALMARES,NAO CONSTA,-9.246,-36.015
2720728,AL,270420,UNIDADE DE SAUDE DA FAMILIA GENIPAPO,POVOADO GENIPAPO,ZONA RURAL,-9.76184,-36.52956
2720736,AL,270400,UNIDADE BASICA DE SAUDE DA FAMILIA INGA,POVOADO INGA,CENTRO,-9.925,-36.476
2720760,AL,270290,UNIDADE DE SAUDE DA FAMILIA JACIOBA,SITIO JACIOBA,ZONA RURAL,-9.72395,-36.83956
2720779,AL,270340,UNIDADE BASICA DE SAUDE JOAO ALEIXO DE ANDRADE,POVOADO CAITITU,CENTRO,-9.70102,-37.24656
2720787,AL,270770,USF JORGE NUNES DO ESPIRITO SANTO,AVENIDA TEOTONIO BRANDAO VILELA,MATA DO ROLO,-9.4781,-35.85225
2720795,AL,270220,UBS JOSE GOMES DA SILVA,RUA VEREADOR RENILDO JOSE DOS SANTOS TERREO,CENTRO,-9.638,-35.803
2720833,AL,270320,ESF 04 CENTRO DE SAUDE CHINARE,POVOADO CHINARE,ZONA RURAL,-10.125,-36.662
2720884,AL,270520,POSTO DE SAUDE MANOEL LINS CALHEIROS,RUA FLORIANO PEIXOTO,CENTRO,-9.383,-35.842
2720914,AL,270260,UNIDADE DE SAUDE DA FAMILIA MUMBACA,POVOADO MUMBACA,ZONA RURAL,-9.9,-36.678
2720922,AL,270770,USF MARGARIDA LEAO,RUA DO HOSPITAL,USINA UTINGA LEAO,-9.47857,-35.85244
2720930,AL,270260,UNIDADE DE SAUDE OLHO DAGUA DOS DANDANHAS,SITIO OLHO DAGUA DAS DANDANHAS,ZONA RURAL,-9.90155,-36.67802
2720957,AL,270320,ESF 07 CENTRO DE SAUDE JENIPAPO,POVOADO JENIPAPO,ZONA RURAL,-10.125,-36.662
2721007,AL,270200,UNIDADE DE SAUDE DA FAMILIA PEREIRA VELHO,SITIO PEREIRA VELHO,ZONA RURAL,-9.6159,-36.60132
2721023,AL,270320,ESF 02 CENTRO DE SAUDE PERUCABA,POVOADO PERUCABA,ZONA RURAL,-10.125,-36.662
2721066,AL,270590,ESF PONTA DA SERRA,POVOADO PONTA DA SERRA,ZONA RURAL,-10.06864,-36.76105
2721074,AL,270730,UBS POVOADO CAXANGA,POVOADO CAXANGA,ZONA RURAL,-9.0907,-35.3536
2721082,AL,270150,POSTO DE SAUDE POVOADO MARABA,POVOADO BOQUEIRAO DA MARABA,ZONA RURAL,-9.95821,-36.7922
2721104,AL,270150,POSTO DE SAUDE POVOADO POCO DA LAGOA,POVOADO POCO DA LAGOA,ZONA RURAL,-9.958,-36.792
2721139,AL,270880,POSTO DE SAUDE RANCHO ALEGRE,POVOADO RANCHO ALEGRE,ZONA RURAL,-9.934,-36.554
2721155,AL,270400,UNIDADE BASICA DE SAUDE DA FAMILIA RETIRO,POVOADO DO RETIRO,ZONA RURAL,-9.925,-36.476
2721163,AL,270400,UNIDADE BASICADE SAUDE DA FAMILIA RIACHAO,POVOADO RIACAHO,NAO CONSTA,-9.925,-36.476
2721171,AL,270300,UNIDADE DE SAUDE DA FAMILIA AGEU HOLANDA CAVALCANTE,POVOADO DE ROCADINHO,ZONA RURAL,-8.973,-35.939
2721198,AL,270920,USF SANTA CRUZ,POVOADO SANTA CRUZ,ZONA RURAL,-9.97096,-37.00311
2721228,AL,270110,POSTO DE SAUDE SANTO ANTONIO DA BOA VISTA,FAZENDA SANTO ANTONIO DA BOA VISTA,NAO CONSTA,-9.246,-36.015
2721279,AL,270880,POSTO DE SAUDE BREJINHO II,POV BREJINHO II,ZONA RURAL,-9.87951,-36.5827
2721287,AL,270150,POSTO DE SAUDE SITIO ALTO DA PEDRA,SITIO ALTO DA PEDRA,ZONA RURAL,-9.95809,-36.79214
2721309,AL,270150,POSTO DE SAUDE SITIO GRUTA FUNDA,SITIO GRUTA FUNDA,ZONA RURAL,-9.95816,-36.79205
2721333,AL,270400,UNIDADE BASICA DE SAUDE DA FAMILIA URUBA,POVOADO URUBA,ZONA RURAL,-9.925,-36.476
2721341,AL,270920,USF VILA SAO JOSE,VILA SAO JOSE,ZONA RURAL,-9.971,-37.003
2721368,AL,270920,USF VILA SANTO ANTONIO,VILA SANTO ANTONIO,ZONA RURAL,-9.971,-37.003
2721414,AL,270644,USF ALTO DA BOA VISTA,RUA RITA DE CASSIA,ALTO DA BOA VISTA,-9.46231,-35.55885
2721422,AL,270790,UNIDADE BASICA DE SAUDE ARTHUR CORREIA LIMA FILHO,RUA 23 DE AGOSTO,CENTRO,-9.60062,-35.82332
2721430,AL,270840,PSF CACHOEIRINHA,SITIO,SITIO,-9.44101,-37.64624
2721457,AL,270840,PSF DO SITIO SALGADINHO,SITIO SALGADINHO,SITIO,-9.61736,-37.38418
2721465,AL,270500,UBS MORRO VERMELHO,POVOADO MORRO VERMELHO,ZONA RURAL,-9.00093,-37.68929
2721473,AL,270840,PSF POVOADO CABOCLO,POVOADO CABOCLO,ZONA RURAL,-9.53501,-37.52112
2721503,AL,270644,USF HARRY TENORIO DE OLIVEIRA,FAZENDA MARIANGA,ZONA RURAL,-9.44307,-35.56219
2721511,AL,270840,PSF SITIO BREJINHO,SITIO BREJINHO,ZONA RURAL,-9.45275,-37.52832
2721538,AL,270840,PSF SITIO MELANCIA,SITIO MELANCIA,ZONA RURAL,-9.4396,-37.64
2721554,AL,270770,USF DR GASTAO OITICICA,CONJUNTO TAVARES GRANJA,MATA DO ROLO,-9.47774,-35.85176
2721562,AL,270770,USF OLAVO CALHEIROS,CONJUNTO MUTIRAO,CENTRO,-9.47848,-35.85206
2721570,AL,270770,USF EDUARDO CAMPOS II,AV PASTOR PEDRO JOSUE LINS,FORENE,-9.4785,-35.85217
2721589,AL,270570,UBS NOSSA SENHORA DA CONCEICAO,POVOADO PEDRAO,ZONA RURAL,-9.52926,-37.24978
2721597,AL,270375,UBS SALOMAO BARBOSA DA SILVA,POVOADO FRANCA,ZONA RURAL,-9.95921,-36.07378
2721627,AL,270375,USF SINIMBU I,USINA SINIBU,USINA SINIBU,,
2721651,AL,270620,UNID BASICA DE SAUDE VILA SANTO ANTONIO,POVOADO DE VILA SANTO ANTONIO,VILA SANTO ANTONIO,-9.66434,-37.3082
2721678,AL,270710,UBS DJALMA GONCALVES DOS ANJOS,R MONSENHOR FERNANDES SAO VIEIRA,ENTRE MONTES,-9.64004,-37.66621
2721686,AL,270560,ESF 01 TERTULIANO TURIBIO DE ARAUJO,FAZENDA TOMBADOR,ZONA RURAL,-8.915,-35.647
2721708,AL,270560,ESF 2 FAZENDA ITAJUBA,FAZENDA ITAJUBA,ZONA RURAL,-8.915,-35.647
2721716,AL,270140,UBS 06 JOSE FIRMINO DA SILVA,RUA DORGIVAL GONCALVES,LUZIAPOLIS,-9.89815,-36.21881
2721724,AL,270140,UBS 07 E 20 EXPEDITO SERGIO DOS SANTOS,RUA MANOEL FIRMONO,ZONA RURAL,-9.90189,-36.22261
2721732,AL,270140,UBS 08 MANOEL CRISTOVAO,RUA SANTA LUZIA,ZONA RURAL,-9.90278,-36.2178
2721740,AL,270140,UBS 03 ARNOBIO DA ROCHA TAVARES,RUA MANOEL JOAQUIN DA SILVA,POVOADO PIMENTEIRA,-9.77997,-36.3561
2721759,AL,270140,UBS 14 E 16 JOSE EGIDIO,AV HILDELBRANDO VERISSIMO GUIMARAES,CENTRO,-9.78754,-36.34855
2721767,AL,270620,UNID BASICA DE PALESTINA,RUA PEDRO FELIX,CENTRO,-9.67107,-37.33034
2721775,AL,270140,UBS 04 ANTONIO JOAQUIM MESSIAS,POVOADO CHA DA IMBIRA,ZONA RURAL,-9.80278,-36.27342
2721805,AL,270560,ESF 3 MARIA JOAQUINA,AVENIDA FLORIANO PEIXOTO,CENTRO,-8.93804,-35.65598
2721813,AL,270760,UNIDADE DA FAMILIA ANTERO TENORIO CAVALCANTE,DISTRITO RUA NOVA,ZONA RURAL,-9.319,-36.471
2721821,AL,270760,UNIDADE DA FAMILIA ERNESTO JOSE DE ALBUQUERQUE,POVOADO LAGOA QUEIMADA,ZONA RURAL,-9.31015,-36.45452
2721848,AL,270760,UNIDADE DA FAMILIA PREFEITO EXPEDITO MEDEIROS COSTA,SITIO RIACHAO,ZONA RURAL,-9.319,-36.471
2721856,AL,270760,UNIDADE DA FAMILIA PROFESSOR 0SMAN POLICARPO DE ARAUJO,RUA PAULO JACINTO,CENTRO,,
2721864,AL,270760,UNIDADE DA FAMILIA RAMIRO CORREIA LIMA,AV 15 DE NOVEMBRO,CENTRO,,
2721880,AL,270920,USF OLHO DAGUA DA CERCA,POVOADO OLHO DAGUA DA CERCA,ZONA RURAL,-9.971,-37.003
2721899,AL,270290,UNIDADE DE SAUDE DA FAMILIA CANAFISTULA CIPRIANO,POV CANAFISTULA DO CIPRIANO,ZONA RURAL,-9.79196,-36.79424
2721902,AL,270300,UNIDADE DE SAUDE DA FAMILIA ANTONIO GRACIETE DE FARIAS,CONJ JOSE ALVES,CENTRO,-8.973,-35.939
2721910,AL,270510,UNIDADE DE SAUDE DA FAMILIA ANTONIO QUEIROZ,RUA SAO VICENTE,CENTRO,-9.152,-35.533
2721929,AL,270510,UNIDADE DE SAUDE DA FAMILIA ARLETE MENDONCA,RUA DOUTOR MENDONCA BRAGA,CENTRO,-9.15856,-35.53298
2721937,AL,270830,UNIDADE DE SAUDE DA FAMILIA ARTHUR ORLANDO DE A BEZERRA,USINA SERRA GRANDE,ZONA RURAL,-8.97419,-36.06505
2721945,AL,270300,UNIDADE DE SAUDE DA FAMILIA CANASTRA,POVOADO DE CANASTRA,ZONA RURAL,-8.973,-35.939
2721953,AL,270830,UNIDADE DE SAUDE DA FAMILIA DE BANANEIRAS,POVOADO DE BANANEIRAS,ZONA RURAL,-8.95765,-36.01181
2721961,AL,270830,UNIDADE DE SAUDE DA FAMILIA DE CARURU,POVOADO DE CARURU,ZONA RURAL,-9.07091,-36.14365
2721996,AL,270820,UNIDADE DE SAUDE DA FAMILIA DE TIBIRI,DISTRITO TIBIRI,DISTRITO TIBIRI,-10.14616,-36.85537
2722003,AL,270570,UBS NOSSA SENHORA DE FATIMA,POVOADO GATO,ZONA RURAL,-9.51416,-37.35522
2722011,AL,270830,UNIDADE DE SAUDE DA FAMILIA DR ZIRELI DE OLIVEIRA VALENCA,RUA COLAGEM VALENCA,TIJUCA,-9.01214,-36.05485
2722038,AL,270830,UNIDADE DE SAUDE DA FAMILIA DOULGAS BUARQUE,RUA ALINE VASCONCELOS,CENTRO,-9.00746,-36.05408
2722046,AL,270770,USF HUDSON FERREIRA DA SILVA,RUA SAO MIGUEL,CENTRO,-9.47823,-35.85219
2722054,AL,270530,UNIDADE DE SAUDE DA FAMILIA JIQUIRI,SITIO JIQUIRI,ZONA RURAL,-9.305,-36.865
2722062,AL,270510,UNIDADE DE SAUDE DA FAMILIA JOSE MEDEIROS,CONJUNTO ERNESTO MARANHAO,CENTRO,-9.152,-35.533
2722070,AL,270260,UNIDADE DE SAUDE DA FAMILIA OLHO DAGUA DO MEIO,POVOADO OLHO DAGUA DO MEIO,ZONA RURAL,-9.9,-36.678
2722089,AL,270770,USF PEDRO JACINTO,BAR NOSSO,PREFEITO ANTONIO LIN,-9.47852,-35.85221
2722097,AL,270410,UNIDADE BASICA DE SAUDE AURELINO RODRIGUES DE PAULA,POVOADO MATA LIMPA,ZONA RURAL,-9.83,-36.738
2722100,AL,270510,UNIDADE DE SAUDE DA FAMILIA RENATA MARANHAO,CONJUNTO CICERO CAVALCANTE,ZONA URBANA,-9.152,-35.533
2722119,AL,270600,UNIDADE DE SAUDE DE F NOVA,POVOADO DE FAZENDA NOVA,ZONA RURAL,-9.51869,-37.19003
2722127,AL,270600,UNIDADE DE SAUDE P DA CACIMBA,POVOADO DE POCO DA CACIMBA,ZONA RURAL,-9.51844,-37.1899
2722135,AL,270300,UNIDADE DE SAUDE FAMILIA OSCAR ALVES DE ANDRADE,RUA 15 DE NOVEMBRO,CENTRO,-8.973,-35.939
2722143,AL,270560,ESF 4 OLINDINA CLAUDINO DA SILVA,AVENIDA FLORIANO PEIXOTO,CENTRO,-8.93804,-35.65598
2722348,AL,270895,UNIDADE MISTA DA FAMILIA MONSENHOR MOISES V DOS ANJOS,POVOADO CANDUNDA,POV CANDUNDA,-9.40941,-37.53069
2722453,AL,270440,UNIDADE DE SAUDE DA FAMILIA DRA LIVIA MOREIRA ALVES,RUA AMELIA ALVES,CENTRO,-9.52838,-36.98753
2722461,AL,270830,UNIDADE SAUDE DA FAMILIA AMAURY VASCONCELOS DE ANDRADE,AV NOSSA SENHORA APARECIDA,JURITI,-9.00555,-36.06275
2722488,AL,270880,UNIDADE SAUDE DA FAMILIA CANA BRAVA,POVOADO CANA BRAVA,ZONA RURAL,-9.934,-36.554
2722496,AL,270880,UNIDADE SAUDE DA FAMILIA CRUZEIRO,RUA JOSEFA LUCIO CORDEIRO,CRUZEIRO,-9.934,-36.554
2722526,AL,270440,UNIDADE SAUDE DA FAMILIA DR JOAO ROCHA FILHO,CONJUNTO PAULO LEITE,FATIMA,-9.53247,-36.98129
2722534,AL,270830,UNIDADE BASICA DE SAUDE PEDRO MENDES DA ROCHA FILHO,CONJ RESID MARIO DA COSTA GUIMARAES,COHAB,-9.00055,-36.05524
2722542,AL,270440,UNIDADE SAUDE DA FAMILIA SAO JOAO,RUA JOAQUIM MONTEIRO,ZONA RURAL,-9.56838,-37.12849
2722569,AL,270915,USF 09 AGUA DE MENINOS,POVOADO AGUA DE MENINOS,ZONA RURAL,-9.96406,-36.42989
2722577,AL,270915,USF 07 JUMELICIA M CONCEICAO,POVOADO ALTO DA ROSA,ZONA RURAL,-9.89372,-36.361
2722585,AL,270915,USF 04 FRANCISCA ASSIS BORGES PEREIRA,RUA SAO CIPRIANO,CENTRO,-9.90733,-36.35575
2722593,AL,270915,USF 10 IMBURI DO INACIO,POVOADO IMBURI DO MATAO,ZONA RURAL,-10.01089,-36.39067
2722607,AL,270915,USF 13 JOSE BELARMINO SOARES,RUA MARIA AUGUSTA,CENTRO,-9.90608,-36.35197
2722615,AL,270915,USF 12 MANOEL JACINTO G DA SILVA,POVOADO GERAIS,ZONA RURAL,-9.88503,-36.36475
2722631,AL,270915,USF 11 TEN JOSE ALBINO,LOT PARQUE DO FUTURO,CENTRO,-9.90789,-36.36247
2722682,AL,270915,USF 08 GULANDIM,POVOADO GULANDIM,ZONA RURAL,-9.95161,-36.40061
2722739,AL,270570,UBS LANUZA ABREU,CONJ MANOEL FLORIANO,CENTRO,-9.53994,-37.29423
2793938,AL,270610,CENTRO DE SAUDE MARIA AMELIA DA CONCEICAO,RUA PRESIDENTE MEDICE,L GONZAGA DE CARVALH,-9.16199,-37.35977
2793946,AL,270890,UNIDADE DE SAUDE DA FAMILIA I FRIDOLIM WINTERLLER,RUA AMELIA PONTES,LOTEAMENTO FRIDOLIN,-9.56882,-35.82547
2793954,AL,270160,POSTO DE SAUDE DE CACHOEIRA VELHA,SITIO MULUNGU,ZONA RURAL,-9.12489,-37.60247
2793962,AL,270160,POSTO DE SAUDE DE FORQUILHA,POVOADO FORQUILHA,POVOADO FORQUILHA,-8.99551,-37.50346
2793989,AL,270160,POSTO DE SAUDE QUEIMADA REDONDA,POVOADO QUEIMADA REDONDA,ZONA RURAL,-9.127,-37.605
2816784,AL,270240,UNIDADE BASICA DE SAUDE ALFREDIZIO LIMA,RUA TEOTONIO VILELA,NOVO,-9.38331,-38.00323
2816806,AL,270240,UNIDADE BASICA DE SAUDE M FRANCISCA DAS VIRGENS,RUA PROJETADA,ELDORADO,-9.37134,-38.00846
3016633,AL,270140,UBS 09 OLIVAL TENORIO,RUA AZUL,USINA PORTO RICO,-9.81107,-36.21489
3016641,AL,270140,UNIDADE BASICA DE SAUDE PSF 06,RUA DO POSTO,LUZIAPOLIS,,
3020746,AL,270430,UNIDADE DE SAUDE IVETE HOLANDA,R EWERTON ESTEVAO LOT NOVO HORIZONTE,TABULEIRO,,
3028739,AL,270470,UNIDADE DE SAUDE DA FAMILIA POEIRA,AV SAO JOSE,POEIRA,-9.71037,-35.89594
3028747,AL,270470,UNIDADE DE SAUDE DA FAMILIA BARRO VERMELHO,RUA SAO PEDRO,BARRO VERMELHO,-9.72352,-35.89351
3028763,AL,270470,UNIDADE DE SAUDE DA FAMILIA DO JOSE DIAS,JOSE DIAS,JOSE DIAS,-9.72039,-35.90693
3028771,AL,270470,UNIDADE DE SAUDE DA FAMILIA TUQUANDUBA,TUQUANDUBA,TUQUANDUBA,-9.70297,-35.90592
3029638,AL,270070,UNIDADE DE SAUDE DA FAMILIA PSF2,RUA JOAO JOSE DE FREITAS,CENTRO,,
3032116,AL,270230,USF PINDORAMA PERIFERIA,POVOADO ALTO PIAUI,ZONA RURAL,-10.21729,-36.20544
3032124,AL,270230,USF BONSUCESSO,RUA DO ACRE,POVOADO BONSUCESSO,-10.16407,-36.18399
3032132,AL,270230,USF VALE DE CORURIPE JOSE DE SOUZA NASCIMENTO,SITIO AREIAS,ZONA RURAL,-10.13175,-36.17605
3032140,AL,270230,USF COM TERCIO WANDERLEY,SITIO LINHAS,CRUZEIRO ZONA URBA,-10.1316,-36.17882
3032159,AL,270230,USF CENTRO,RUA LINDOLFO SIMOES,CENTRO ZONA URBANA,-10.13169,-36.17287
3036421,AL,270590,CENTRO MUNICIPAL DE SAUDE JOAO NASCIMENTO FILHO,RUA JORGE DA PAIXAO,CENTRO,-10.05501,-36.81296
3060896,AL,270890,UNIDADE DE SAUDE DA FAMILIA V,RUA PARQUE DA FEIRA,CENTRO,-9.563,-35.824
3117987,AL,270020,USF ISAURO FAUSTINO BARBOSA,RUA DO CRUZEIRO,CHA DA MANGABEIRA,-9.68539,-36.30794
3231011,AL,270890,UNIDADE DE SAUDE DA FAMILIA II,RUA SANTOS DUMONT,CENTRO,-9.563,-35.824
3238377,AL,270930,UNIDADE DE SAUDE DA FAMILIA DA VAQUEJADA,RUA ULISSES GUIMARAES,NOSSA SENHORA DE LOU,-9.15708,-36.01546
3260860,AL,270930,UNIDADE DE SAUDE DA FAMILIA JOAO JOSE PEREIRA LYRA FILHO,RUA SANTA CRISTINA,ZONA RURAL USINA LAG,-9.163,-36.032
2008718,AL,270740,UNIDADE DE SAUDE DA FAMILIA VALDOMERO A DA COSTA,RUA 09 DE JULHO,ZONA RURAL,-9.19467,-35.32349
3311686,AL,270600,UNIDADE DE SAUDE L DOS CANJOS,POVOADO LAGES DOS CANJOS,ZONA RURAL,-9.51878,-37.18984
3421449,AL,270100,UBS MIGUEL FELICIANO DA SILVA,AV MAJOR JOSE TENORIO,VARELA,-9.64834,-36.21433
3423751,AL,270800,UNIDADE SAUDE DA FAMILIA SAO JOSE,RUA DILERMANDO BRANDAO,SAO JOSE,-9.38352,-37.24078
3426327,AL,270130,UNIDADE DE SAUDE EVERALDO PEREIRA DA SILVA,CONJ FERNANDO COLLOR,ZONA RURAL,-9.40278,-36.14007
3456781,AL,270400,UNIDADE BASICA DE SAUDE DA FAMILIA MUTIRAO,RUA EM PROJETO,MUTIRAO,-9.925,-36.476
3467627,AL,270380,PSF ASPLANA,AVENIDA PREFEITO OSMARIO GOMES,ANTONIO CELESTINO LI,-9.133,-35.748
3484637,AL,270550,USF CLEOMENES PEREIRA DE AGUIAR,RUA JOAO PESSOA,CIDADE ALTA,-9.30916,-35.94
3507572,AL,270890,UNIDADE DE SAUDE DA FAMILIA VI,LOTEAMENTO ALTO DA BOA VISTA,CENTRO,-9.57285,-35.83052
3508293,AL,270230,USF JOAO CLEMENTINO J DE MELO,QUADRA S,PINDORAMA ZONA RUR,-10.13131,-36.17566
3518027,AL,270610,UBS JOSE CARLITO DE SOUZA TRAPICHE,SITIO TRAPICHE,ZONA RURAL,-9.04659,-37.39501
3543927,AL,270930,UNIDADE DE SAUDE DA FAMILIA SANTA M MADALENA,RUA RAINA DA PAZ,SANTA MARIA MADALENA,-9.163,-36.032
3575233,AL,270570,UBS PEDRO SALES,RUA JOAO BATISTA BEZERRA,CENTRO,-9.52593,-37.29451
3631044,AL,270930,USF SANTA LUZIA,POVOADO MUQUEM,ZONA RURAL,-9.163,-36.032
3650030,AL,270630,USF CARAIBAS TORTA,POVOADO CARAIBA TORTA,ZONA RURAL,-9.407,-36.628
3650138,AL,270630,USF SAO CRISTOVAO II,RUA CASTELO BRANCO,VILA MARIA,-9.407,-36.628
3650197,AL,270630,USF SALGADA,RUA BRAULIO MONTINEGRO,VILA MARIA,-9.407,-36.628
3692817,AL,270470,UNIDADE DE SAUDE DA FAMILIA DA VILA ALTINA,RUA EM PROJETO,ESTIVA,-9.74103,-35.89386
3719219,AL,270640,ESF 1 UNIDADE DE SAUDE DA FAMILIA,AV MANOELITO BEZERRA LIMA,CENTRO,-9.74806,-37.43636
3730271,AL,270880,CENTRO DE ESPECIALIDADES ODONTOLOGICAS,RUA PEDRO VIEIRA DE BARROS,CENTRO,-9.93529,-36.55369
3771148,AL,270255,UNIDADE DE SAUDE DA FAMILIA JULITA SOARES DA SILVA,SITIO LAGOA GRANDE,ZONA RURAL,-9.39,-36.76
3771210,AL,270255,UNIDADE DE SAUDE DA FAMILIA ANTONIO GARROTE DA SILVA,AV ARLINDO GARROTE,CENTRO,-9.39,-36.76
3878376,AL,270110,POSTO DE SAUDE CONJUNTO JOAO LYRA,CONJUNTO RAIMUNDO NONATO,PLATOR I,-9.246,-36.015
3905578,AL,270570,UBS CECILIA FARIAS SILVA,SITIO POCOS,ZONA RURAL,-9.48878,-37.27683
3954765,AL,270880,UNIDADE AUTORIZADORA DE TFD INTERMINICIPAL,AV ANTONIO CUSTODIO PORTO,CENTRO,-9.934,-36.554
4020081,AL,270135,CENTRO DE SAUDE DE CAMPESTRE ENG EDSON SANTOS,RUA DO COMERCIO,CENTRO,-8.88537,-35.55355
4020154,AL,270160,CENTRO DE SAUDE DE CANAPI,EUPIDIO LOU,CENTRO,-9.11669,-37.60663
4020235,AL,270240,UNIDADE BASICA DE SAUDE PALMEIRAO,RUA NOSSA SENHORA APARECIDA,PALMEIRAO,-9.39284,-37.99816
4020391,AL,270540,UNIDADE BASICA DE SAUDE LAGOA DA ARARA,POVOADO LAGOA DA ARARA,ZONA RURAL,-9.60298,-37.25027
4020413,AL,270570,CENTRO DE SAUDE DE OLHO DAGUA DAS FLORES,PC JOSE AMORIM,CENTRO,,
4020502,AL,270690,JOSE MANOEL DOS SANTOS,RUA CIRIDIAO DURVAL,CENTRO,-9.60633,-35.95949
4020553,AL,270880,UNIDADE SAUDE DA FAMILIA LAGOA SECA,POVOADO LAGOA SECA,ZONA RURAL,-9.934,-36.554
4020596,AL,270915,USF 14 CELESTRINA MARIA DIAS,RUA MARIA JEANE MOREIRA SAMPAIO,CENTRO,-9.90956,-36.35797
5232546,AL,270790,UNIDADE BASICA DE SAUDE DR CLAUDIO MELO,RUA SAO PEDRO,CENTRO,-9.60249,-35.82233
5265487,AL,270480,USF III JOSE ZEFERINO DO CARMO,RUA ARNON DE MELO,CENTRO,-9.57976,-36.30514
2704544,AL,270710,UBS JOSICLEI DIAS NOBRE,AVENIDA BERNARDES SOARES DE SOUZA,POVOADO PIAU,-9.48092,-37.67172
2720973,AL,270420,UNIDADE DE SAUDE DA FAMILIA PE LEVE,POVOADO PE LEVE,ZONA RURAL,-9.76432,-36.55512
5589614,AL,270810,UNIDADE DE SAUDE DA FAMILIA DE BARRO BRANCO,FAZENDA BARRO BRANCO,ZONA RURAL,-9.18345,-36.22373
5608856,AL,270160,CENTRO DE SAUDE DE CARIE,POVOADO CARIE,ZONA RURAL,-9.737,-37.3618
5667771,AL,270110,POSTO DE SAUDE VANIA MENEZES DE VASCONCELOS,RUA PADRE BERNARDO ROANA,MUNDO NOVO,-9.246,-36.015
5680697,AL,270260,UNIDADE DE SAUDE DA FAMILIA TABOCA,SITIO TABOCA,ZONA RURAL,-9.9,-36.678
5702895,AL,270100,UBS AURELIO GOMES,POVOADO LAGOA PERI PERI LOTEAMENTO SANTA JOANA,ZONA RURAL,-9.66104,-36.13629
5732573,AL,270850,UNIDADE BASICA DE SAUDE SANDOVAL TOLEDO SILVA,PRACA ERNESTO GOMES MARANHAO,CENTRO,-9.318,-35.561
5732581,AL,270850,UNIDADE BASICA DE SAUDE ANTONIO BUARQUE FILHO,FAZENDA LAGOA VERMELHA,ZONA RURAL,-9.318,-35.561
5732603,AL,270850,UNIDADE BASICA DE SAUDE SANTA LUZIA DO RIACHAO,FAZENDA SANTA LUZIA DO RIACHAO,ZONA RURAL,-9.318,-35.561
5810795,AL,270915,MELHOR EM CASA TEOTONIO VILELA,AVENIDA JORGE VILELA,CENTRO,,
5881307,AL,270850,UNIDADE BASICA DE SAUDE CORALIA BELO DA SILVA,POVOADO PINDOBA,CENTRO,-9.318,-35.561
5886457,AL,270680,CENTRO DE SAUDE BRASILIA,RUA LUIZ DA SILVA CASTRO,BRASILIA,-10.40648,-36.43134
5893348,AL,270880,PSF PEROBA,MANOEL MIGUEL DA SILVA,PEROBA,-9.934,-36.554
5922372,AL,270930,USF DE PADRE DONALD,FAZENDA ILHOTA,CONJUNTO PADRE DONAL,-9.163,-36.032
5933838,AL,270900,UNIDADE DE SAUDE DA FAMILIA LUCILA FONSECA,POVOADO BONITO,ZONA RURAL,-9.5319,-36.43206
5944228,AL,270410,UNIDADE BASICA DE SAUDE ANTONIO FRANCISCO DOS SANTOS,RUA JOSE ANTONIO DE MELO,CENTRO,-9.83,-36.738
5944236,AL,270410,UNIDADE BASICA DE SAUDE JOSE PORFIRIO DOS SANTOS,RUA,CENTRO,-9.83,-36.738
5973686,AL,270640,ESF 6 JOAO ANTONIO DOS SANTOS,RUA MAESTRO NOZINHO,CENTRO,-9.74797,-37.43591
5992516,AL,270470,UNIDADE DE SAUDE DA FAMILIA RUA NOVA MASSAGUEIRA II,POVOADO MASSAGUEIRA,CENTRO,-9.73271,-35.84187
5993989,AL,270100,UBS DR CLAUDIO REGIS,RUA JOSE ROBERTO,CENTRO,-9.64378,-36.21547
5994888,AL,270670,ESF GABRIEL 05,RUA J RAMALHO,SANTA LUZIA,-10.29,-36.586
5994950,AL,270670,ESF RAIMUNDINHO 09,AVENIDA FRANCISCO GUERRA,CENTRO,-10.29,-36.586
6002862,AL,270730,UBS ALECRIM,LOTEAMENTO COMANDATUBA,CENTRO,-9.05214,-35.3926
6002897,AL,270730,UBS MANGAZALA,CONJUNTO HABITACIONAL MANGAZALA,MANGAZALA,-9.04597,-35.41053
6021778,AL,270920,USF 13 DE MAIO,RUA 13 DE MAIO,CENTRO,-9.9681,-37.00215
6030580,AL,270810,UNIDADE DE SAUDE DA FAMILIA ELIZABETH DA SILVA SOUZA,CONJUNTO HABITACIONAL ARNON DE MELO,COHAB,-9.16584,-36.22995
6057578,AL,270500,POSTO DE SAUDE MARIA DO SOCORRO ELIZEU BRANDAO,SITIO SERRA DO SABONETE,ZONA RURAL,-9.13608,-37.71967
6113281,AL,270770,USF DIOGENES JUCA BERNARDES,RUA GUIOMAR MENDONCA LINS,LOURENCO DE ALBUQUER,-9.47814,-35.85225
6132863,AL,270120,UNIDADE DE SAUDE DA FAMILIA GENESIO TEODORO DE MENEZES,OLIVEIROS BATALHA,COHAB NOVA,-9.3973,-36.98397
6170625,AL,270290,UNIDADE DE SAUDE DA FAMILIA QUEBRADENTE,POVOADO QUEBRADENTE,ZONA RURAL,-9.86976,-36.80162
6170633,AL,270290,UNIDADE DE SAUDE DA FAMILIA SETE CASAS,ASSENTAMENTO SETE CASAS,ZONA RURAL,-9.69281,-36.87321
6170641,AL,270290,UNIDADE DE SAUDE DA FAMILIA ALECRIM,SITIO ALECRIM,ZONA RURAL,-9.82037,-36.83287
6170668,AL,270290,UNIDADE DE SAUDE DA FAMILIA PARANA,ASSENTAMENTO PARANA,ZONA RURAL,-9.89851,-36.86188
6170676,AL,270290,UNIDADE DE SAUDE DA FAMILIA URBANO II,RUA VEREADOR JO SE JAILTON DA COSTA GAMA,SAO TARCISIO,-9.87946,-36.83772
6170684,AL,270290,UNIDADE DE SAUDE DA FAMILIA URBANO III,RUA DO SOL,CENTRO,-9.88794,-36.82212
6224059,AL,270440,USF DR GETULIO IZIDORO DA ROCHA,LOTEAMENTO TERRA DO LEITE,CENTRO,-9.53787,-36.99152
6224067,AL,270440,USF JOSE HERMINIO AMARAL NETO,TRAVESSA TRIBUTINO WANDERLEY,FATIMA,-9.27562,-37.79297
6250629,AL,270430,CASA DE CUSTODIA DA CAPITAL,BR 101 NORTE KM 14,TABULEIRO DOS MARTIN,-9.66565,-35.73372
503762,AL,270830,PRONTO SOCORRO DONA SEVERINA LYRA,RUA NOVA,USINA SERRA GRANDE,-9.00969,-36.05649
6289967,AL,270780,UNIDADE DE SAUDE DA FAMILIA VEREADOR AGENOR RIBEIRO,RUA DA CAMBOA,CENTRO,-9.833,-35.978
6290809,AL,270520,UBS DR MILTON HENIO NETTO DE GOUVEA,CONJ RESIDENCIAL JARBAS MAYA DE OMENA,CENTRO,-9.38822,-35.84004
6303021,AL,270210,UNIDADE BASICA DE SAUDE BELO JARDIM,LOTEAMENTO JARDIM,CENTRO,-8.90837,-35.72299
6345425,AL,270210,UNIDADE BASICA DE SAUDE JOSE ADAMOR,LOTEAMENTO MARIA LOUREIRO CAVALCANTE,CENTRO,-8.90894,-35.7232
6363407,AL,270020,USF SERTAOZINHO,RUA DR HERMES DA FONSECA,SERTAOZINHO,-9.684,-36.304
6363601,AL,270940,UNIDADE BASICA DE SAUDE OCTAVIO BRANDAO,CONJ CIDADE DE DEUS AREA 04,MUTIRAO,-9.38195,-36.23863
6416802,AL,270910,USF ARNON BARBOSA DA SILVA CENTRO SERRA,RUA JOAO PERMINIO,CENTRO,-9.65104,-36.49803
6424198,AL,270644,USF CENTRAL,AV ANTONIO REINALDO,CENTRO,-9.46633,-35.5491
6427731,AL,270150,UNIDADE DE SAUDE DA FAMILIA CURRAL FALSO,SITIO CURRAL FALSO,ZONA RURAL,-9.95771,-36.78847
6427766,AL,270150,POSTO DE SAUDE POVOADO POCO DO BOI,SITIO POCO DO BOI,ZONA RURAL,-9.95811,-36.79195
6440789,AL,270920,USF URBANA I,TRAVESSA MARIA LIMA DIAS,CENTRO,-9.971,-37.003
6441580,AL,270420,UNIDADE DE SAUDE DA FAMILIA PE LEVE II,POVOADO PE LEVE,ZONA RURAL,,
6459102,AL,270760,UNIDADE DE SAUDE DA FAMILIA ROSIVAL DE ARAUJO MEDEIROS,AVENIDA 15 DE NOVEMBRO,CENTRO,-9.31874,-36.47443
6461689,AL,270840,USF NOSSA SENHORA DO BOM PARTO,RUA AFONSO SOARES VIEIRA,CENTRO,-9.55386,-37.38923
6467539,AL,270840,USF JORGE LUIS RIBEIRO PEREIRA,RUA ELOI RODRIGUES LIMA,CENTRO,,
6469965,AL,270240,UNIDADE BASICA DE SAUDE MARIA JOSE DA SILVA BEZERRA D MAZE,RUA BATISTA WANDERLEY,CAMPO GRANDE,-9.37365,-38.0012
6505384,AL,270910,NASF TAQUARANA,RUA CONEGO MAURICIO,CENTRO,-9.64769,-36.49344
6524915,AL,270730,UBS VARADOURO I,VILA BANCARIOS,CENTRO,-9.05816,-35.39463
6524931,AL,270730,UBS VARADOURO II,RUA ALTO DA FORCA,CENTRO,-9.05372,-35.39849
6524958,AL,270730,UBS ALECRIM II,RUA VEREADOR AMARO VICENTE,CENTRO,-9.04876,-35.40122
6524966,AL,270730,UBS ANTARTICA,LOTEAMENTO MARIA CICERA,CENTRO,-9.04507,-35.39695
6555691,AL,270070,UNIDADE DE SAUDE DA FAMILIA ESFV,R MAGNOLIA CORREIA,CENTRO,-9.67606,-37.12936
6555705,AL,270070,UNIDADE DE SAUDE DA FAMILIA ESF VI,RUA JOSE PEREIRA DE MELO,CENTRO,,
6566952,AL,270910,USF DR JOSE EDMILSON FERREIRA CESAR,ALTO DAS COLINAS,ZONA URBANA,-9.64369,-36.48474
6566995,AL,270910,CENTRO DE REFERENCIA EM SAUDE TAQUARANA,RUA NOSSA SENHORA DE FATIMA,CENTRO,-9.64846,-36.49268
6576885,AL,270240,UNIDADE BASICA DE SAUDE DESVIO,GUARARAPES,DESVIO,-9.38957,-37.98924
6577326,AL,270210,POSTO DE SAUDE JOSE ACIOLY MACIEL,RUA 16 DE JULHO,CENTRO,-8.91094,-35.72517
6590586,AL,270895,UNIDADE DE SAUDE PSF IV,RUA MUNIZ FALCAO,CENTRO,-9.47148,-37.45772
6594557,AL,270642,UNIDADE BASICA DE SAUDE URBANA I,RUA PROJETADA,CENTRO,-9.254,-38.006
6594565,AL,270642,UNIDADE BASICA DE SAUDE MARCACAO,POVOADO MARCACAO,CENTRO,-9.254,-38.006
6603459,AL,270240,USB EURIDICE MIRANDA MOREIRA,RUA CHIQUINHA GONZAGA,BAIRRO NOVO,-9.38768,-38.01325
6613039,AL,270230,USF RUBEM WANDERLEY,RUA PROF NADIR MALTA LESSA,BARRO PRETO II ZON,-10.45405,-36.0173
6645453,AL,270240,UNIDADE BASICA DE SAUDE MARIA EUGENIA M TELES,CARAIBERINHAS,ELDORADO,-9.37499,-38.012
6685323,AL,270770,USF JOAO MENDONCA AREA 08,RUA VEREADOR JARBAS JANUARIO,CENTRO,-9.47819,-35.85255
6685331,AL,270770,USF SEVERINA ALEXANDRE DE LIMA AREA 11,LOTEAMENTO SANTA MARIA CUCAU I,CENTRO,-9.47838,-35.85253
6686656,AL,270510,UNIDADE BASICA DE SAUDE VERA LUCIA DOS SANTOS SILVA,AV GOVERNADOR LUIZ CAVALCANTE,CENTRO,-9.15496,-35.5324
6693199,AL,270830,UNIDADE DE SAUDE DA FAMILIA MILTON HENIO NETTO DE GOUVEA,RUA UMBELINO VALENCA,CENTRO,-9.01,-36.058
6696112,AL,270330,UBS CURRALINHO,SITIO CURRALINHO,ZONA RURAL,-9.23699,-37.77333
6703763,AL,270120,UNIDADE DE SAUDE DA FAMILIA GILZA CAVALCANTI DUARTE,AV DOMINGOS LEITE,CENTRO,-9.39982,-36.98893
6704891,AL,270250,UNIDADE BASICA DE SAUDE PADRE RONALDO ALOISIO DA SILVA,RUA JOSE AGUSTINHO DA GUIRRA,CENTRO,-9.38679,-37.08163
6705766,AL,270460,USF URBANO II,PRACA MANOEL BARBOSA ALCANTARA,CENTRO,-9.23181,-37.35087
6739148,AL,270320,ESF 08 CENTRO DE SAUDE VISTA ALEGRE,POVOADO VISTA ALEGRE,ZONA RURAL,-10.125,-36.662
6782329,AL,270430,UNIDADE BASICA DE SAUDE DR JOSE GONCALVES SOBRINHO,AV DURVAL DE GOES MONTEIRO,TABULEIRO DOS MARTIN,-9.59535,-35.75173
6800114,AL,270060,UNIDADE DE SAUDE DA FAMILIA I,RUA JOAO FLORENCIO,CENTRO,-9.84445,-35.90593
6876595,AL,270400,UNIDADE BASICA DE SAUDE DA FAMILIA PALMEIRINHA,POVOADO PALMEIRINHA,ZONA RURAL,-9.925,-36.476
6907334,AL,270650,UNIDADE BASICA DE SAUDE MARIA ELIZA DA SILVA,FAZENDA PERI PERI,ZONA RURAL,-9.24395,-35.56827
4020251,AL,270260,CENTRO DE SAUDE DE FEIRA GRANDE,AVENIDA FREITAS CAVALCANTE,CENTRO,-9.9,-36.678
6956858,AL,270860,UNIDADE BASICA DE SAUDE BAIRRO DE LOURDES,RUA VISCONDE DE SINIMBU,CENTRO,-9.78758,-36.10326
6964842,AL,270470,UNIDADE DE SAUDE DA FAMILIA TERRA DA ESPERANCA,JOSE DIAS,JOSE DIAS,-9.74106,-35.89373
6991912,AL,270750,UNIDADE BASICA DE SAUDE DEMERON DOS SANTOS,RUA SAO JOSE,CENTRO,-10.18504,-36.83619
7013205,AL,270610,UBS VANILDO DA SILVA CABRAL,RUA DELMIRO GOUVEIA,JOAO ALVES DA SILVA,-9.16371,-37.35678
7040814,AL,270500,POSTO DE SAUDE URBANO I,RUA 5 DE JULHO,MANDACARU,-9.1212,-37.73355
7040822,AL,270500,UBS BONSUCESSO DR PAULO FELIX DE SOUZA,RUA TEMISTOCLES JULIO GUIMARAES,CENTRO,-9.11856,-37.72557
2720418,AL,270660,POSTO DE SAUDE FREI DAMIAO PSF II,VILA SAO FRANCISCO,ZONA RURAL,-9.3661,-36.36966
7054831,AL,270420,UNIDADE DE SAUDE DA FAMILIA MIRACEMA,SITIO MIRACEMA,ZONA RURAL,-9.67618,-36.54352
7059841,AL,270860,UNIDADE BASICA DE SAUDE TABELIAO JOSE LUIZ DE ANDRADE JATOBA,QUADRA A7,HELIO JATOBA III,-9.80126,-36.10537
7063903,AL,270870,UNIDADE DE SAUDE DA FAMILIA DO POVOADO RIACHO,POVOADO RIACHO,POVOADO RIACHO,-9.28204,-35.38958
7101503,AL,270670,USF JOSE EDILENO DA SILVA,RUA PROJETADA,RAIMUNDO MARINHO,-10.29,-36.586
7113978,AL,270040,UNIDADE SAUDE DA FAMILIA BRANCA II,RUA 15 DE NOVEMBRO POVOADO BRANCA DE ATALAIA,ZONA RURAL,-9.50138,-36.09017
7130716,AL,270430,NUCLEO RESSOCIALIZADOR DA CAPITAL,RODOVIA BR 104 KM 14,TABULEIRO DOS MARTIN,-9.66561,-35.73411
7130724,AL,270430,CENTRO PSIQUIATRICO JUDICIARIO PEDRO MARINHO SURUAGY,RODOVIA BR 104 KM 14,TABULEIRO DOS MARTIN,-9.666,-35.735
7130740,AL,270430,PRESIDIO MASCULINO DE SEGURANCA MEDIA PROFESSOR CYRIDIAO DUR,RODOVIA BR 104 KM 14,TABULEIRO DOS MARTIN,-9.66582,-35.73402
7130767,AL,270430,PRESIDIO FEMININO SANTA LUZIA,RODOVIA BR 104 KM 14,TABULEIRO DOS MARTIN,-9.66584,-35.73284
7130775,AL,270030,PRESIDIO DESEMBARGADOR LUIZ DE OLIVEIRA SOUZA,RODOVIA AL 101 KM 01,PLANALTO,,
7130783,AL,270430,PRESIDIO MASCULINO BALDOMERO CAVALCANTI OLIVEIRA,RODOVIA BR 104 KM 14,TABULEIRO DOS MARTIN,-9.66574,-35.73361
7132913,AL,270860,UNIDADE BASICA DE SAUDE AGNALDO CAVALCANTE,QUADRA A,ESTHER SOARES TORRES,-9.78925,-36.10434
7166079,AL,270930,UNIDADE DE SAUDE DA FAMILIA DO ALTO DO CRUZEIRO,RUA DAS DEZ CASAS,ALTO DO CRUZEIRO,-9.16124,-36.02607
7182228,AL,270140,UBS 02 LUIZ VIEIRA TEMOTEO,RUA LENICE VIEIRA,CENTRO,-9.78379,-36.34393
7202008,AL,270680,UNIDADE DE APOIO BONITO,POVOADO BONITO,POVOADO BONITOO,-10.36218,-36.33969
7202016,AL,270680,UNIDADE DE APOIO SUDENE,POVOADO SUDENE,POVOADO SUDENE,-10.39648,-36.49074
7202032,AL,270680,UNIDADE DE APOIO PENEDINHO,POVOADO PENEDINHO,POVOADO PENEDINHOO,-10.39678,-36.49019
7206429,AL,270720,UNIDADE DE SAUDE DA FAMILIA SAO JOAQUIM,POVOADO TAPUIO,ZONA RURAL,-9.31918,-37.36538
7214847,AL,270640,ESF 9 EQUIPE DE SAUDE DA FAMILIA DE MEIRUS,RUA DO POVOADO MEIRUS,CENTRO,-9.74774,-37.43615
5829615,AL,270260,UNIDADE SAUDE DA FAMILIA URBANO II,RUA SETE DE SETEMBRO,CENTRO,-9.9007,-36.67875
7244010,AL,270200,UBS PREFEITO JOAO SEBASTIAO DA SILVA,RUA PROJETADA,CENTRO,-9.63336,-36.57888
7256019,AL,270430,NUCLEO DE ATENCAO SAUDE SERVIDOR NASS,AV DA PAZ,JARAGUA,-9.66976,-35.73093
7258909,AL,270770,USF HELENA CIRIACO,RUA DA ADUTORA,MATA DO ROLO,-9.48015,-35.83761
7258917,AL,270770,USF ANTONIO OLIVEIRA COUTO,CONJUNTO TAVARES GRANJA,MATA DO ROLO,-9.47825,-35.85212
7262132,AL,270895,CENTRO DE ESPECIALIDADES WILSON MOURA,RUA DO COMERICIO,CENTRO,-9.46323,-37.45523
7286724,AL,270430,PRESIDIO DE SEGURANCA MAXIMA,RODOVIA BR 104 KM 14,TABULEIRO DOS MARTIN,-9.66559,-35.73357
6379044,AL,270660,UNIDADE BASICA DE SAUDE ELIAS BERNARDINO FILHO,RUA JOAO CASSIANO COSTA,CENTRO,-9.36623,-36.36981
7311656,AL,270140,UBS 11 FRANCISCO BATISTA DOS SANTOS,RUA JOSE VITORINO DE MORAES,ZONA RURAL,-9.88904,-36.22055
7312164,AL,270140,UBS 05 ALDALIO ANTONIO,RUA SAO SEBASTIAO,ZONA RURAL,-9.90363,-36.21905
7317808,AL,270800,PSF2 AREIA BRANCA,POV AREIA BRANCA,ZONA RURAL,-9.37208,-37.24534
7321309,AL,270150,POSTO DE SAUDE SITIO CAMARAO,SITIO CAMARAO,ZONA RURAL,,
7350635,AL,270840,PSF CABOCLO II,POVOADO CABOCLO,ZONA RURAL,-9.53503,-37.52101
7370318,AL,270750,UNIDADE BASICA DE SAUDE JOSE GERALDO DOS SANTOS PEREIRA,SITIO BELEM I,CENTRO,-10.19017,-36.8342
7370822,AL,270840,PSF MANOEL MACIANO II,AVENIDA MANOEL MACIANO,10,-9.55417,-37.37374
7375166,AL,270860,EQUIPE DE SAUDE DA FAMILIA AGNALDO MACHADO,QUADRA C,HELIO JATOBA,,
7375190,AL,270860,UNIDADE BASICA DE SAUDE HELIO JATOBA I,QUADRA Y,HELIO JATOBA I,,
7383444,AL,270800,PSF II SAO PEDRO,TRAVESSA SAO PEDRO,MONUMENTO,-9.37335,-37.23905
7383452,AL,270800,PSF LAJEDO GRANDE,TRAVESSA ESTUDANTE MAURICIO AMANCIO,CAMOXINGA,-9.37465,-37.25201
7406975,AL,270530,UNIDADE DE SAUDE DA FAMILIA SEBASTIAO CARSOSO,POVOADO TRAVESSAO,ZONA RURAL,-9.305,-36.865
7411383,AL,270340,UBS LAURA SOUTO SILVA,RUA BOA VISTA,PADRE CICERO,-9.64251,-37.20609
7426623,AL,270930,UNIDADE DE SAUDE DA FAMILIA NEWTON PEREIRA,CONJUNTO NEWTON PEREIRA,NEWTON PEREIRA,-9.163,-36.032
7426631,AL,270930,UNIDADE DE SAUDE DA FAMILIA NOVA ESPERANCA,CONJUNTO NOVA ESPERANCA,CONJUNTO NOVA ESPERA,-9.163,-36.032
7456085,AL,270640,ESF 8 NOSSA SENHORA DA SAUDE,ZONA RURAL,ZONA RURAL,-9.74799,-37.43574
7462875,AL,270220,UBS MARIA JOSE DE OLIVEIRA DA SILVA DONA ZEZA,CONJ OSCAR FONTES LIMA,BRASILIA,-9.63796,-35.80305
2719525,AL,270660,UNIDADE BASICA DE SAUDE MARIO LEANDRO DA COSTA,RUA ERASMO PORANGABA,NSRADAS GRACAS,-9.36614,-36.36977
7482833,AL,270830,UNIDADE DE SAUDE DA FAMILIA DR ARYL PONTES LYRA,CONJUNTO ARMANDO LYRA,ARMANDO LYRA,-9.0331,-36.04082
7486111,AL,270190,UNIDADE BASICA DE SAUDE DR FRANCISCO SOARES,AV PAULO TENORIO FLORENTINO,CENTRO,-9.25487,-36.29602
7487746,AL,270135,UNIDADE BASICA DE SAUDE AMAURY ANGELO DA SILVA,RUA MARIA DE TIAO,CENTRO,-8.846,-35.568
7496044,AL,270840,PSF XIII,RUA AFONSO SOARES VIEIRA,CENTRO,-9.55855,-37.38278
7496052,AL,270840,PSF XIV,RUA ELOI RODRIGUES LIMA,CENTRO,-9.56223,-37.37906
7816987,AL,270660,UNIDADE BASICA DE SAUDE ROBERTO COSTA LIMA,RUA SAO JOAO,CENTRO,-9.36602,-36.36983
9940499,AL,270430,UBS DR ANTONIO DE PADUA CAVALCANTE 4 DS,RUA ALAMEDA CARMELITA OMENA DE FARIAS,PETROPOLIS,-9.60754,-35.735
7561148,AL,270220,UNIDADE BASICA DE SAUDE PSF 2,RUA VEREADOR RENILDO JOSE DOS SANTOS,CENTRO,,
7596634,AL,270260,UNIDADE BASICA DE SAUDE DE TABOCAL,SITIO TABOCAL,ZONA RURAL,-9.9,-36.678
7617844,AL,270375,UBS MARIA NICEIAS DA CONCEICAO MARIA TEMOTEO,POVOADO PONTA DE PEDRA,ZONA RURAL,-9.98153,-36.03361
7666667,AL,270550,USF DR JOSE DE ASSIS PEREIRA DE MELO,CONJUNTO RESIDENCIAL OLAVO CALHEIROS,OLAVO CALHEIROS,-9.3181,-35.934
7688423,AL,270135,UNIDADE BASICA DE SAUDE PSF 3,RUA EPITACIO PESSOA,CENTRO,-8.88403,-35.55735
7698771,AL,270140,UBS 01 E 10 JORGE CORREIA,RUA OSCAR DA CUNHA LIMA,CENTRO,-9.78016,-36.3484
7698798,AL,270140,UBS 15 LUANA KELLY DOS SANTOS,RUA JOSEFA MARIA,PIMENTEIRA,-9.7799,-36.35891
7705298,AL,270915,UNIDADE BASICA DE SAUDE 17,RUA 16 DE SETEMBRO,PARQUE DO FURURO II,-9.91472,-36.36514
7724071,AL,270235,UNIDADE BASICA DE SAUDE EXPEDITO LUIZ DA SILVA,SITIO IPOJUCO,ZONA RURAL,-9.61774,-36.76708
7740018,AL,270630,POSTO DA CRIANCA,RUA JOAO VALERIO,CENTRO,-9.407,-36.628
7742231,AL,270400,UNIDADE BASICA DE SAUDE DA FAMILIA MUTIRAO II,RUA PROJETADA,MUTIRAO,-9.925,-36.476
7745982,AL,270140,UBS 18 EDJA LIDIANE,CONJUNTO OLIVAL TENORIO,CENTRO,-9.77504,-36.35084
7770499,AL,270915,UNIDADE BASICA DE SAUDE MATAO DO ROBERTO,POVOADO IMBURIR DO INACIO,ZONA RURAL,-10.02531,-36.42583
7770936,AL,270400,POSTO DE SAUDE CHA DO MEIO,POVOADO CHA DO MEIO,ZONA RURAL,-9.925,-36.476
7775377,AL,270420,UNIDADE DE SAUDE DA FAMILIA PEDRO DOMINGOS DOS SANTOS,POVOADO POCO COMPRIDO,ZONA RURAL,-9.7416,-36.50451
7775385,AL,270420,UNIDADE DE SAUDE DA FAMILIA MARIA FRANCISCA DAS DORES,POVOADO BAIXA DAREIA,ZONA RURAL,-9.74101,-36.50298
7775393,AL,270420,ESF MAMOEIRO,POVOADO MAMOEIRO,ZONA RURAL,-9.75292,-36.55158
7791720,AL,270420,UNIDADE DE SAUDE DA FAMILA CADOZ,POVOADO CADOZ,ZONA RURAL,-9.74157,-36.47702
7794045,AL,270600,UBS JOSEFA FRANCISCA DE MENEZES,AV CICERO VIEIRA DE MENEZES,CLIMA BOM,-9.5189,-37.19024
7799705,AL,270710,UBS AUDALIO BRASILIANO,RUA FREI PAULO,XINGO,-9.624,-37.757
7839081,AL,270300,UNIDADE DE SAUDE DA FAMILIA ARLINDO RODRIGUES DA SILVA,POVOADO JUSSARA,ZONA RURAL,-8.973,-35.939
7839448,AL,270770,CENTRO DE SAUDE EDUARDO CAMPOS,AV PASTOR PEDRO JOSUE LINS,FORENE,-9.47808,-35.85225
7898770,AL,270880,UNID BASC DE SAUDE VER MARIA JOSE DA SILVA MA DO LEITE,SAO JOSE,SAO JOSE,-9.934,-36.554
7905556,AL,270030,UBS NOSSA SENHORA APARECIDA,CONJUNTO NOSSA SENHORA APARECIDA,SEMENTEIRA,-9.752,-36.661
7913915,AL,270940,UNIDADE BASICA DE SAUDE DR HERBERT VILELA,POVOADO SABALANGA,ZONA RURAL,-9.3722,-36.22789
7928890,AL,270375,UBS VEREADOR AUGUSTO CELESTINO DOS SANTOS,RUA DO OITIZEIRO,CENTRO,-10.01177,-36.02202
3650103,AL,270630,USF SAO CRISTOVAO I,RUA PEDRO BARBOSA,SAO CRISTOVAO,-9.40991,-36.63483
7940823,AL,270120,UNIDADE DE SAUDE MANUEL FERREIRA NETO,LOTEAMENTO MARIA GONZAGA,CENTRO,-9.40434,-36.99829
7951485,AL,270140,USB 17 ROSALVO IVO DA SILVA,RUA SAO FRANCISCO,BELO HORIZONTE,-9.78705,-36.33376
7962649,AL,270290,PRESIDIO DO AGRESTE,RODOVIA AL 220,KM 25,-9.88363,-36.82759
7969791,AL,270010,UNIDADE BASICA DE SAUDE ENOQUE GOMES,RODOVIA AL 145,CENTRO,-9.26313,-37.93957
9001786,AL,270642,UNIDADE BASICA DE SAUDE MARIA SAO PEDRO CORREIA KATOKINN,RUA DO ACUDE,ZONA URBANA,-9.254,-38.006
9002871,AL,270520,UNIDADE BASICA DE SAUDE JOSE AMORIM DE ALMEIDA,CONJUNTO JARBAS MAYA DE OMENA,CENTRO,-9.38846,-35.83968
9098925,AL,270550,USF PRESIDENTE VARGAS,AVENIDA PRESIDENTE GETULIO VARGAS,CAMPO GRANDE,-9.31082,-35.94596
2722623,AL,270915,USF 05 SINEIDE FREIRE MONTEIRO,AVENIDA MARIA JEANE MOREIRA SAMPAIO,SAO MIGUEL,-9.905,-36.353
9160604,AL,270570,UBS SAGRADA FAMILIA,TRAVESSA SAO JOSE,MANOEL PINTO,-9.53873,-37.28961
7767064,AL,270740,UNIDADE DE SAUDE DA FAMILIA DO CURTUME,RUA JOAO DO REGO MELO,CURTUME,-9.17434,-35.30391
9183744,AL,270180,UBS CARNEIROS,RUA DO COMERCIO,CENTRO,,
9183973,AL,270180,UBS JOSIAS VIANA DE OLIVEIRA,RUA ADAO,CENTRO,-9.48166,-37.38588
9219943,AL,270430,COLONIA AGRO INDUSTRIAL SAO LEONARDO CAI SL,BR 101 NORTE KM14,TABULEIRO DOS MARTIN,-9.66536,-35.73393
221120,AL,270880,UNIDADE DE SAUDE DO MARACUJA,POVOADO MARACUJA,RURAL,-9.93464,-36.55585
9278796,AL,270470,UNIDADE DE SAUDE DA FAMILIA DAS PEDRAS,AVENIDA BENEDITO AGNELO,PEDRAS,-9.74939,-35.87512
9279903,AL,270470,UNIDADE DE SAUDE DA FAMILIA GISLENE MATHEUS,CONJUNTO MARIA GISLENE MATHEUS,GISLENE MATHUES,-9.73031,-35.90278
9284788,AL,270430,PENITENCIARIA DE SEGURANCA MAXIMA,KM 15,TABULEIRO DO PINTO,-9.66542,-35.73398
9284818,AL,270430,GERENCIA DE SAUDE DO SISTEMA PRISIONAL,BR 101 NORTE KM 14,TABULEIRO DOS MARTIN,-9.6661,-35.73413
9295399,AL,270140,UBS 19 VALTEMIR SOUZA SILVA,AVENIDA SENADOR MAXIMO,CENTRO,-9.78354,-36.35513
9295402,AL,270140,UBS 21 EDNALDO MOURA DA SILVA,AVENIDA VALDERMAR FIRMINO,LUZIAPOLIS,-9.90595,-36.21918
9307613,AL,270915,USF 03 MARIA LOPES DE LIMA MARIA CASSIMIRO,RUA VEREADOR,CENTRO,-9.91056,-36.35406
9339035,AL,270620,CENTRO DE SAUDE MARIA LESSA DA SILVA,AV SANTA TEREZINHA,CENTRO,-9.66777,-37.32807
9352864,AL,270220,CENTRO DE REABILITACAO E PICS,PRACA PADRE CICERO,CENTRO,-9.638,-35.803
9352872,AL,270220,ESPACO DE PILATES DE COQUEIRO SECO,RUA JOAO XXIII,CENTRO,,
9355081,AL,270360,UNIDADE DE SAUDE DAVI LIMA DE MENDONCA,FAZ PARAISO,CENTRO,-9.088,-35.258
9357688,AL,270190,CENTRO DE ESPECIALIDADES DE CHA PRETA,RUA DR CHICO TEXEIRA,CENTRO,-9.25491,-36.29597
9366989,AL,270830,UNIDADE DE SAUDE DA FAMILIA EDEMAR PEREIRA BEZERRA,ARMANDO LYRA,ARMANDO LYRA,-9.03666,-36.03962
9399968,AL,270940,USB DR JOSE MARIA DE MELO,AVENIDA JOAO PAULO II,CENTRO,-9.38003,-36.24376
9412964,AL,270070,EQUIPE SAUDE DA FAMILIA ESF VI,RUA PROJETADA,CENTRO,-9.54287,-37.29263
9413642,AL,270230,USF CONJUNTO JOAQUIM BELTRAO,TERCIO WANDERLEY,CRUZEIRO,-10.1315,-36.17774
9637206,AL,270500,UBS CACHOEIRA,SITIO CACHOEIRA,ZONA RURAL,-9.05128,-37.58019
9649204,AL,270070,EQUIPE SAUDE DA FAMILIA ESF II,RUA SAO PEDRO,CENTRO,-9.53857,-37.29471
9674217,AL,270240,UBS MARIA APARECIDA LISBOA,RUA ADAUTO SILVA,CENTRO,-9.38776,-38.00037
796301,AL,270800,UNIDADE DE SAUDE DA FAMILIA SAO JOAQUIM,CONJUNTO JOAO AQUINO DA ROCHA,CAMOXINGA,-9.10897,-37.27741
9807098,AL,270010,PACS OURICURI,POVOADO OURICURI,ZONA RURAL,-9.262,-37.938
732001,AL,270250,UNIDADE BASICA DE SAUDE ANTONIO JOSE DE LIMA,SITIO JUREMA,ZONA RURAL,-9.39369,-37.1034
9861327,AL,270930,NUCLEO DE INTEGRACAO PSICOLOGICA,RUA COSTA REGO,CENTRO,-9.15944,-36.03448
9979271,AL,270430,UBS IRIS WAGNER ROCHA DE OLIVEIRA,RUA CONJ VILLAGE CAMPESTRE II,VILLAGE CAMPESTRE,-9.58044,-35.74368
9984445,AL,270430,AMBULATORIO DE ACOLHIMENTO E CUIDADO INTEGRAL A SAUDE LGBT,AVENIDA COMENDADOR LEAO,POCO,-9.66248,-35.72401
4020286,AL,270320,ESF 05 CENTRO DE SAUDE DOMETILA G RAPOSO,PRACA FREI CLEMENTE SAGAN,CENTRO,-10.12903,-36.65613
2010720,AL,270630,USF OASIS II,RUA MANOEL GOMES DA SILVA,CENTRO,-9.407,-36.628
2008270,AL,270610,UBS VARZEA DO MARINHO,SITIO VARZEA DO MARINHO,ZONA RURAL,-9.15128,-37.30717
2011220,AL,270740,UNIDADE DE SAUDE DA FAMILIA PEDRO DA CUNHA LIMA,FAZENDA CANAVIEIRA DO MEIO,ZONA RURAL,-9.11933,-35.38584
2010240,AL,270860,UNIDADE BASICA DE SAUDE RENATA DE ALMEIDA SA,QUADRA C,LOTEAMENTO JOSE ALVE,-9.77784,-36.10076
2010267,AL,270860,UNIDADE BASICA DE SAUDE ROBERTO CORREIA DE OLIVEIRA,QUADRA A 4,HELIO JATOBA III,-9.79821,-36.10775
2719681,AL,270642,CENTRO DE SAUDE JULIA FERREIRA,RUA FELIX JOSE DOS SANTOS,CENTRO,-9.25667,-38.00098
9307338,AL,270430,UNID DE SAUDE DA FAMILIA SAO VICENTE DE PAULA 3 DS,RUA RICARDO CESAR DE MELO,PINHEIRO,-9.63647,-35.73389
2004372,AL,270250,CENTRO DE SAUDE SANTA LUCIA,AV FREI DAMIAO DE BOZZANO,CENTRO,-9.38789,-37.0909
2004941,AL,270030,I CENTRO DE SAUDE,AVENIDA MUNIZ FALCAO,SAO LUIZ,-9.76675,-36.6543
2007924,AL,270020,USF TAPERA,POVOADO TAPERA,ZONA RURAL,-9.684,-36.304
2719622,AL,270090,CENTRO DE SAUDE MARIA DA CONCEICAO LIMA,RUA BOA VISTA,CENTRO,-9.82538,-37.27715
2721147,AL,270895,UNIDADE BASICA DE SAUDE DA FAMILIA SANTO ANTONIO,SITIO RECANTO,ZONA RURAL,-9.354,-37.507
2721694,AL,270090,UNIDADE DE SAUDE DA FAMILIA OLHO DAGUA NOVO,POVOADO OLHO DAGUA NOVO,ZONA RURAL,-9.81056,-37.13641
2722151,AL,270090,UNIDADE DE SAUDE RIACHO DA JACOBINA,POVOADO DE RIACHO DE JACOBINA,ZONA RURAL,-9.8468,-37.10363
5836794,AL,270235,UNIDADE DE SAUDE DA FAMILIA LAGOA DA ANGELICA,POVOADO LAGOA DA ANGELICA,ZONA RURAL,-9.6177,-36.76693
7958498,AL,270235,UNIDADE BASICA DE SAUDE JOSE SIMAO DE MELO,SITIO SERROTE,ZONA RURAL,-9.61778,-36.76721
6704905,AL,270250,UNIDADE BASICA DE SAUDE JOSE CLARINDO,AV FREI DAMIAO DE BOZZANO,CENTRO,-9.19168,-37.04209
765694,AL,270080,UNIDADE DE SAUDE CHA DE BELEM,POVOADO CHA DE BELEM,ZONA RURAL,-9.57082,-36.49199
9041893,AL,270030,UBS VERDES CAMPOS,RUA JOSE CLEONILDES BARROS,VERDES CAMPOS,-9.7747,-36.64902
2009412,AL,270360,UNIDADE DE SAUDE CECILIANO COELHO PS DE BARREIRAS,RUA NOSSA SENHORA DA PENHA,CENTRO,-9.12248,-35.27517
2009420,AL,270360,CENTRO DE SAUDE DE JAPARATINGA,RUA ANTONIO ALVIM,CENTRO,-9.08677,-35.25927
2009552,AL,270360,CENTRO DE SAUDE NOEMIA VASCONCELOS,FAZENDA TRIUNFO,ZONA RURAL,-9.04049,-35.28728
2011719,AL,270235,POSTO DE SAUDE ROSA MISTICA,POVOADO FOLHA MIUDA,POV FOLHA MIUDA,-9.61774,-36.76733
252727,AL,270770,USF DR CELYRIO ADAMASTOR BARRETTO ACCIOLY,CONJ RESIDENCIAL SENADOR TEOTONIO BRANDAO VILELA,MATA DO ROLO,-9.478,-35.85301
252743,AL,270770,USF JARBAS OITICICA,CONJ RESIDENCIAL JARBAS OITICICA,MATA DO ROLO,-9.47799,-35.85301
252751,AL,270770,USF MANOEL GONCALVES DA SILVA,CONJ RESIDENCIAL ANTONIO LINS DE SOUZA,MATA DO ROLO,-9.478,-35.853
466972,AL,270430,UBS MARLENE FERNANDES LANVERLY DE MELO 7 DS,RUA PADRE CICERO,SANTA LUCIA,-9.60986,-35.74427
796328,AL,270800,UNIDADE DE SAUDE DA FAMILIA SANTA ANA,ALOISIO ERNANDES,CAMOXINGA,-9.38363,-37.23985
833649,AL,270470,UNIDADE DE SAUDE DA FAMILIA VER FLAVIO TEIXEIRA RODRIGUES,RODOVIA BR,MASSAGUEIRA,-9.72818,-35.83054
840335,AL,270260,UBS JABOTICABA,SITIO JABOTICABA,ZONA RURAL,-9.89941,-36.67928
859907,AL,270915,USF 06 UNIVERSITARIO SERGIO CELESTINO DA PAIXAO JUNIOR,RUA PEDRO CAVALCANTE,INHUMAS,-9.9088,-36.35314
859923,AL,270915,USF 15 NEUZA JOSEFA DO NASCIMENTO FIRMINO,RUA MARINITA DE MEDEIROS TAVARES,CENTRO,-9.90587,-36.35578
871788,AL,270800,MELHOR EM CASA,RUA JOSE PORFIRIO PALMEIRA,CAMOXINGA,-9.3744,-37.25035
897957,AL,270800,EAP POVOADO RIACHAO,SITIO RIACHAO,ZONA RURAL,-9.38365,-37.24101
905542,AL,270850,ADEFISALQ,AV DR SEVERINO CARLOS CORREIA MARANHAO,POVOADO QUITUNDE,-9.318,-35.561
2003317,AL,270430,UNIDADE DE SAUDE DENISSON MENEZES 7 DS,CONJ DENISSON MENEZES,TABULEIRO,-9.54546,-35.72848
2003325,AL,270430,UNIDADE DE SAUDE ALIOMAR ALMEIDA LINS 6 DS,LOT BELA VISTA II,BENEDITO BENTES II,-9.56348,-34.8592
2004607,AL,270930,CENTRO DE SAUDE DR JOSE DE ARAUJO LIMA,RUA COSTA REGO,CENTRO,-9.163,-36.032
2004798,AL,270030,III CENTRO DE SAUDE,RUA JOSE JAILSON ALVES,SANTA EDWIGES,-9.73393,-36.66129
2004836,AL,270030,UBS MANOEL TELES,RUA ANTONIO CAVALCANTE GAMA,MANOEL TELES,-9.75785,-36.67067
2004844,AL,270030,UBS CANAA,POVOADO CANAA,POVOADO CANAA,-9.71261,-36.7097
2004852,AL,270030,UBS BANANEIRAS,VILA BANANEIRAS,VILA BANANEIRAS,-9.752,-36.661
2004860,AL,270030,UBS VILA SAO JOSE,VILA SAO JOSE,VILA SAO JOSE,-9.64205,-36.6806
2004879,AL,270030,UBS BOA VISTA,RUA LEONCIO SALU,BOA VISTA,-9.77792,-36.6352
2004887,AL,270030,UBS PRIMAVERA,RUA PEDRO ALVARES CABRAL,PRIMAVERA,-9.76771,-36.66116
2004909,AL,270030,UBS BATINGAS,VILA BATINGAS,VILA BATINGAS,-9.7965,-36.62374
2005077,AL,270030,UBS CANGANDU,VILA CANGANDU,CANGANDU,-9.77216,-36.61674
2005093,AL,270030,UBS VILA SAO FRANCISCO,POVOADO VILA SAO FRANCISCO,VILA SAO FRANCISCO,-9.73359,-36.73099
2005174,AL,270030,UBS BAIXA DA ONCA,POVOADO BAIXA DA ONCA,POV BAIXA DA ONCA,-9.79335,-36.65666
2005182,AL,270030,UBS BOM JARDIM PELEVE,SITIO PELEVE VELHO,SITIO PELEVE VELHO,-9.752,-36.661
2005212,AL,270030,UBS VILA APARECIDA,POVOADO VILA APARECIDA,VILA APARECIDA,-9.71853,-36.64867
2005220,AL,270030,UBS VILA FERNANDES PAU FERRO,POVOADO FERNANDES,POV FERNANDES,-9.7418,-36.70378
2005239,AL,270030,II CENTRO DE SAUDE,RUA EXPEDICIONARIOS BRASILEIROS,BAIXA GRANDE,-9.7353,-36.67447
2005263,AL,270030,UBS TEOTONIO VILELA,PRACA ANTONIO CAETANO,TEOTONIO VILELA,-9.74769,-36.65777
2005301,AL,270030,UBS CACIMBAS,RUA VEREADOR BENICIO ALVES DE OLIVEIRA,CACIMBAS,-9.752,-36.661
2005328,AL,270030,UBS CAVACO,RUA JOSE MONTEIRO DA SILVA,CAVACO,-9.73763,-36.67762
2005336,AL,270030,UBS CAPIM,POVOADO CAPIM,CAPIM,-9.752,-36.661
2005549,AL,270430,UNIDADE DE SAUDE DR CLAUDIO MEDEIROSRIO NOVO 4 DS,RUA SAO LUIS,RIO NOVO,-9.57899,-35.80888
2005611,AL,270430,C S WALDOMIRO ALENCAR CENTRO DE PUERICULT 5 DS,RUA JULIO ALTO,JACINTINHO,-9.65019,-35.71999
2005646,AL,270430,UNIDADE DE SAUDE EDVALDO SILVA 4 DS,RUA CEL OTHON BEZERRA DE MELO,FERNAO VELHO,-9.59093,-35.77698
2005654,AL,270430,CENTRO DE SAUDE DO FEITOSA CS PAULO LEAL 5 DS,RUA ACRE,FEITOSA,-9.64477,-35.73009
2005670,AL,270430,CENTRO DE SAUDE FELICIO NAPOLEAO 5 DS,R LUIZ REGO BARROS,JACINTINHO,-9.63966,-35.72702
2005689,AL,270430,UNIDADE DE SAUDE DA FAMILIA JOSE ARAUJO SILVA 5 DS,RUA PASTOR EURICO CALHEIROS,JACINTINHO,-9.63622,-35.72065
2005697,AL,270430,UNIDADE DE SAUDE DA FAMILIA GALBA NOVAES 7 DS,RUA BETEL,SANTA LUCIA,-9.57266,-35.71017
2005735,AL,270430,UNIDADE BASICA DE SAUDE GRACILIANO RAMOS 7 DS,CJ GRACILIANO RAMOS CRECHE 1,CID UNIVERSITARIA,-9.64983,-35.73398
2005565,AL,270430,CENTRO DE SAUDE DJALMA LOUREIRO 7 DS,RUA MUNIZ FALCAO,CLIMA BOM,-9.62021,-35.78098
2005751,AL,270430,UNIDADE DE SAUDE DA FAMILIA NOVO MUNDO 5 DS,RUA BOA SORTE,BARRO DURO,-9.65197,-35.71999
2005778,AL,270430,UNIDADE DE SAUDE DA FAMILIA OURO PRETO 3 DS,RUA SAO PAULO,OURO PRETO,-9.47614,-35.85586
2005786,AL,270430,UNIDADE DE SAUDE DA FAMILIA ROSANE COLLOR 7 DS,RUA WALDEMAR PEDRO DA SILVA,CLIMA BOM,-9.58053,-35.73449
2005794,AL,270430,US DA FAMILIA SELMA BANDEIRA 6 DS,AV DO FUTURO,BENEDITO BENTES,-9.57697,-35.76187
2005808,AL,270430,UNIDADE DO PSF VALE DO PITANGUINHA 3 DS,RUA ANTONIO NOGUEIRA,PITANGUINHA,-9.64158,-35.73406
2005824,AL,270430,UNIDADE DE SAUDE VILAGE CAMPESTRE 7 DS,RUA CELINA SACRAMENTO SILVA,CID UNIVERSITARIA,-9.55202,-35.7557
2005832,AL,270430,UNIDADE DE S JOSE TENORIO DE A LINS 5 DS,CONJUNTO JOSE TENORIO DE A LINS,SERRARIA,-9.6027,-35.73501
2005875,AL,270430,CAIC DR JOSE MARIA DE MELO CAIC BENEDITO BENTES II 6 DS,AV BENEDITO BENTES II,B BENTES II,-9.55122,-35.72988
2005883,AL,270430,US FREI DAMIAO 6 DS,AV MUNDAU CJ FREI DAMIAO,BENEDITO BENTES II,-9.56291,-35.75878
2005891,AL,270430,USF JOSE MARIA DE VASCONCELOS NETO 5 DS,RUA SANTA MADALENA,SAO JORGE,-9.63185,-35.71729
2005913,AL,270430,UNIDADE DE SAUDE DO PROGRAMA DA FAMILIA JOAO SAMPAIO 4 DS,CONJ JOAO SAMPAIO QA01,TABULEIRO,-9.65748,-35.73483
2005921,AL,270030,IV CENTRO DE SAUDE,RUA NOSSA SENHORA DA SALETE,ITAPUA,-9.74585,-36.65161
2005948,AL,270030,UBS PAU DARCO,POVOADO PAU DARCO,PAU D ARCO,-9.752,-36.661
2006189,AL,270430,CENTRO DE SAUDE DR JOSE PIMENTEL AMORIM 7 DS,RUA ADRIANO VIANA DE CASTRO,TABULEIRO DOS MARTIN,-9.56157,-35.75631
2007223,AL,270130,POSTO DE SAUDE MARTINIANO FERREIRA PSF VI,FAZENDA SERRA DA ROSA,ZONA RURAL,-9.4152,-36.19472
2007495,AL,270720,CENTRO DE SAUDE ADEMAR MEDEIROS,RUA SAO JOSE,CENTRO,-9.31363,-37.28627
2008181,AL,270890,UNIDADE DE SAUDE DA FAMILIA RENASCER,AVENIDA IN PROJETO,CENTRO,-9.563,-35.824
2009692,AL,270430,POSTO DE SAUDE S FRANCISCO DE PAULAGROTA DO ARROZ 8 DS,RUA RICARDO CARDOSO DE MORAES,GROTA DO ARROZ,-9.6316,-35.72883
2009706,AL,270430,CENTRO DE SAUDE DO REGINALDO 1 DS,RUA DIEGUES JUNIOR,POCO,-9.65218,-35.72843
2009714,AL,270430,PSF PESCARIA 8 DS,RUA IREBE CAVALCANTE DA SILVA,PESCARIA,-9.58659,-35.72767
2009722,AL,270430,CENTRO DE SAUDE OSWALDO B VILELA 1 DS,RUA LAFAETE PACHECO,PONTA DA TERRA,-9.66234,-35.71864
2009749,AL,270430,UNIDADE DE SAUDE DA FAMILIA GUAXUMA 8 DS,CONJ ELIAS PONTES BONFIM,GUAXUMA,-9.5955,-35.67673
2009757,AL,270430,C S ROLAND SIMON PAM VERGEL 2 DS,RUA CABO REIS,VERGEL,-9.66011,-35.75436
2009781,AL,270430,MODULO ODONTOLOGICO RUI PALMEIRA,AV MONTE CASTELO,VERGEL DO LAGO,-9.65437,-35.75824
2009811,AL,270430,PAM DIQUE ESTRADA 2 DS,RUA DAS FLORES,PONTA GROSSA,-9.61134,-35.73986
2009838,AL,270430,C S TARCISIO PALMEIRA PSF PONTAL 2 DS,AV ALIPIO BARBOSA,PONTAL DA BARRA,-9.68942,-35.75912
2009870,AL,270430,UNIDADE DE SAUDE DA FAMILIA DURVAL CORTEZ 2 DS,RUA JOAO LUCIO MARQUES,PRADO,-9.65567,-35.84551
2009889,AL,270430,PSF VILA BREJAL JARDIM SAO FRANCISCO 2 DS,RUA SAO FRANCISCO DE ASSIS,LEVADA,-9.65508,-36.18193
2009897,AL,270430,CENTRO DE SAUDE DAVID NASSER IPIOCA 8 DS,RUA DA IGREJA,IPIOCA,-9.57685,-35.60835
2695812,AL,270030,UBS EDLER LINS ZELIA BARBOSA,RUA JOSE DE OLIVEIRA LIMA,CAVACO,-9.7477,-36.68015
2720876,AL,270880,POSTO DE SAUDE MALHADA DA ONCA,POVOADO MALHADA DA ONCA,ZONA RURAL,-9.934,-36.59954
2721252,AL,270880,POSTO DE SAUDE SAPE,GADO BRAVO,ZONA RURAL,-9.5718,-36.32104
2722518,AL,270440,UNIDADE SAUDE DA FAMILIA DA BEZERRA,SITIO BEZERRA,ZONA RURAL,-9.50968,-37.02169
2816873,AL,270430,UNIDADE DE SAUDE DR ARTHUR RAMOS 6 DS,RUA J QUADRA II CONJ EQUELMAN,TABULEIRO,-9.5643,-35.73408
3020738,AL,270430,UNIDADE DE SAUDE GERALDO MELO 4 DS,RUA DO CAMPO,BOM PARTO,-9.46568,-35.55352
3047113,AL,270030,UBS POCAO,SITIO POCAO,SITIO POCAO,-9.67928,-36.5522
3231658,AL,270430,UNIDADE DE SAUDE GROTA DO MOREIRA 5 DS,R PADRE CICERO,JACINTINHO,-9.66603,-35.73501
3413659,AL,270430,UNID DE SAUDE DA FAMILIA PAULO OLIVEIRA COSTA UDA 3 DS,RUA RADIALISTA ODETE PACHECO,FAROL,-9.65596,-35.73329
3413667,AL,270430,UNIDADE DE SAUDE DA FAMILIA VEREADOR SERGIO QUINTELLA 7 DS,RUA MARQUES DE TAMANDARE,TABULEIRO DO MARTINS,-9.62223,-35.72574
3413683,AL,270430,UNIDADE DE SAUDE DA FAMILIA JOSE BERNARDES NETO ABC 4 DS,RUA DO CRAVO,RIO NOVO,-9.5807,-35.74091
3478920,AL,270030,UBS DANIEL HOULY,RUA SANTA RITA,BRASILIA,-9.74802,-36.64885
3652734,AL,270430,UNIDADE DE SAUDE DR DIDIMO OTTO KUMMER 6 DS,CONJ BENEDITO BENTES II,TABULEIRO,-9.57694,-35.75706
3742482,AL,270430,UNIDADE DE SAUDE DR ROBSON CAVALCANTE 6 DS,CONJUNTO FREITAS NETO,BENEDITO BENTES,-9.51905,-35.71442
3741141,AL,270430,UNIDADE DE SAUDE DR HELVIO AUTO 2 DS,RUA RIACHUELO,TRAPICHE DE BARRA,-9.67703,-35.76316
5753198,AL,270030,UBS JARDIM DAS PAINEIRAS,RUA ARAPIRACA,SENADOR NILO COELHO,-9.74237,-36.69142
6010989,AL,270915,PSF 15 NEUZA JOSEFA DO NASCIMENTO FIRMINO,RUA VEREADOR MANOEL FIRMINO,CENTRO,-9.90514,-36.35722
6438679,AL,270030,UBS BOM SUCESSO,RUA ALVORADA,BOM SUCESSO,-9.72065,-36.6744
6481132,AL,270430,UNIDADE DE SAUDE DR JOAO MACARIO DE OMENA FILHO 7 DS,AV CORINTHO CAMPELO DA PAZ,SANTOS DUMONT,-9.54842,-35.73514
6669344,AL,270030,UBS BAIXAO,RUA SANTOS DUMONT,BAIXAO,-9.74814,-36.66784
6898521,AL,270430,UNIDADE DE SAUDE MARIA CONCEICAO FONSECA PARANHOS 8 DS,CONJ ALFREDO GASPAR DE MENDONCA,JACARECICA,-9.61374,-35.69338
2005638,AL,270430,CENTRO DE SAUDE SAO JOSE CANAA 3 DS,RUA MARAGOGI,CANAA,-9.60515,-35.73912
6964567,AL,270030,UBS BRISA DO LAGO,RUA PROJETADA,CAZUZINHOS,-9.77787,-36.67556
6998720,AL,270030,UBS RIACHO SECO,RUA ANTONIO FELICIANO,CANAFISTULA,-9.76357,-36.62828
7008023,AL,270430,UNIDADE DE SAUDE JOSE GUEDES FARIAS 4 DS,CONJ MEDEIROS NETO,SANTA AMELIA,-9.59168,-35.73501
7320035,AL,270430,SAD MACEIO,RUA MIZAEL DOMINGUES,POCO,-9.66783,-35.73301
7363648,AL,270330,UBS JOAO FRANCISCO VIEIRA,RUA PREFEITO SEBASTIAO FEITOSA,CENTRO,-9.22674,-37.74568
7512392,AL,270430,UNIDADE BASICA DE SAUDE PARAISO DO HORTO 4 DS,RUA DO PAU,CHA DA JAQUEIRA,-8.9523,-35.73496
7536283,AL,270390,CENTRO DE SAUDE MUNICIPAL DRA FERNANDA TORRES LUNA,RUA DO COMERCIO,CENTRO,-8.935,-35.574
7581882,AL,270030,UBS JOAO PAULO II,RUA ENGENHEIRO CAMILO COLLIER,JOAO PAULO II,-9.76197,-36.65675
7851464,AL,270030,UBS NILO COELHO,RUA FRANCELINO DE BRITO,NILO COELHO,-9.72966,-36.68395
9000755,AL,270430,UBS JORGE DUARTE QUINTELA CAVALCANTE 7 DS,PRACA SAO VICENTE,CID UNIVERSITARIA,-9.66692,-35.72445
9022465,AL,270430,UDA DIVALDO SURUAGY 5 DS,RUA LUCILO SIMOES SOUZA,BARRO DURO,-9.61687,-35.71176
9027092,AL,270430,UNID DE SAUDE DOCENTE ASSIST JOSE LAJES FILHO UNIT 8 DS,RUA JOAO CANUTO DA SILVA,CRUZ DAS ALMAS,-9.63056,-35.6973
9306471,AL,270430,UNID BASICA DE SAUDE MARIA TEREZA HOLANDA COSTA 3 DS,RUA PADRE CICERO,OURO PREO,-9.60986,-36.06176
9930051,AL,270160,ESF CENTRO,AVENIDA JOAQUIM LEITE,CENTRO,-9.127,-37.605
2721619,AL,270375,UBS DR CICERO JORGE,RUA SANTA CRUZ,CENTRO,-10.00964,-36.02571
2721635,AL,270375,UBS SINIMBU II,USINA SINIMBU,ZONA RURAL,-9.87822,-36.14777
7157894,AL,270030,UBS ARNON DE MELO,RUA MATILDE BARBOSA PAULINO,SENADOR ARNON DE MEL,-9.73554,-36.64159
7440561,AL,270350,USF BOA VISTA ESF 03,ASSENTAMENTO BOA VISTA,ZONA RURAL,-8.842,-35.46
965529,AL,270730,CENTRO DE SAUDE ERALDO PEDROSA,POVOADO COMUNIDADE OSCAR CUNHA,CANAA,-9.0497,-35.42393
2005816,AL,270430,UNIDADE DE SAUDE DA FAMILIA VILLAGE CAMPESTRE II 7 DS,AV ALICE CAROLINA,CIDADE UNIVERSITARIA,-9.54597,-35.73657
2009854,AL,270430,CAIC VIRGEM DOS POBRES 2 DS,AV SEN RUI PALMEIRA,TRAPICHE,-9.67276,-35.76669
2010402,AL,270130,UNIDADE DE SAUDE LIGIA TOLEDO PSF,AV MANOEL ALVES,CENTRO,-9.39676,-36.15405
982377,AL,270790,UNIDADE BASICA DE SAUDE DARIO JOAO DE MENDONCA BERNARDES,RUA SENADOR OITICICA,GUARDIANOS,-9.58686,-35.82807
2004828,AL,270030,UBS CANAFISTULA,RUA JOSE JAIME DOS SANTOS,CANAFISTULA,-9.75956,-36.63243
2004933,AL,270030,UBS LARANJAL,SITIO LARANJAL,LARANJAL,-9.83424,-36.58585
2005085,AL,270030,UBS COHAB NOVA,RUA PAO DE ACUCAR,PLANALTO,-9.72344,-36.66395
6685315,AL,270770,USF ENFERMEIRO PEDRO JACINTO AREA 09,BAR NOSSO,PREFEITO ANTONIO LIN,-9.47833,-35.85219
6750591,AL,270030,UBS CARRASCO,SITIO CARRASCO,CARRASCO,-9.66921,-36.68979
2010569,AL,270630,USF CENTRO,RUA GRACILIANO RAMOS,CENTRO,-9.53389,-36.63031
2010801,AL,270630,USF OASIS I,PRACA DO ROSARIO,CENTRO,-9.40451,-36.63054
2005530,AL,270430,CENTRO DE SAUDE DR HAMILTON FALCAO 6 DS,AV NORMA PIMENTEL DA COSTA,BENEDITO BENTES I,-9.55044,-35.72621
2005557,AL,270430,CENTRO DE SAUDE TEREZA BARBOSA 7 DS,CONJ EUSTAQUIO GOMES,CIDADE UNIVERSITARIA,-9.54184,-35.88293
2847280,AL,270030,UNIDADE DE ACOLHIMENTO INFANTO JUVENIL,RUA PROJETADA,BOM SUCESSO,-9.7088,-36.69271
2847302,AL,270030,UNIDADE DE ACOLHIMENTO MASCULINA,RUA JOAO AURELIANO,BOM SUCESSO,-9.72186,-36.67496
2847310,AL,270030,UNIDADE DE ACOLHIMENTO FEMININA,RUA MARIA DAS GRACAS,BOM SUCESSO,-9.71464,-36.68421
6324983,AL,270400,CENTRO DE SAUDE JUNQUEIRO,RUA JUSCELINO KUBITSCHEK,CENTRO,-9.925,-36.476
9114807,AL,270430,UBS DR WALTER DE MOURA LIMA 7 DS,LOT SANTA AMELIA,SANTA AMELIA,-9.66691,-35.77619
2008297,AL,270580,UNIDADE BASICA DE SAUDE ALTO DA BOA VISTA,POVOADO ALTO DA BOA VISTA,ZONA RURAL,-9.501,-37.83206
2844990,AL,270290,USF URBANO V,RUA JOSE PINHEIRO NETO,CENTRO,-9.884,-36.829
2846799,AL,270160,UNIDADE DE SAUDE DO MULTIRAO,MULTIRAO,CENTRO,-9.12708,-37.60502
2870746,AL,270290,USF URBANO IV,RUA CAPITAO PEDRO SOARES,CENTRO,-9.88479,-36.8316
2871513,AL,270350,USF JOSEFA MARIA LIMA ESF 02,RUA NOVA,CENTRO,-8.84357,-35.45949
